group,id,kind,status,flag,direction,question_en,question_ar,options_en,options_ar,answer_en,answer_ar,passages_en,passages_ar,q_en_ok,q_ar_ok,answer_ok,self_contained,needs_both,notes
sample,unpc-numeric-0001,numeric,accepted,,en->ar,What is the minimum amount allocated for field-related security costs?,ما هو الحد الأدنى للمبلغ المخصص لتكاليف الأمن المتعلقة بالميدان؟,,,"$75,000",75 000 دولار,"(c) Field-related costs which are incurred in the field or are directly related to providing operational support by Headquarters to the field offices would be apportioned among participating organizations, while the central costs of the management and direction of the operation (executive direction and management, policy and contingency planning, investigation, oversight of security operations and administrative support) would be assumed by the United Nations.
7. On the basis of these principles, following extensive consultations among the organizations of the United Nations system, the High-level Committee on Management, at its ninth session in April 2005, agreed that field-related security costs would be apportioned on the basis of the actual percentage of staff, based on data as per the CEB secretariat census (i.e. all personnel based in countries not members of the Organization for Economic Cooperation and Development (OECD) for whom the United Nations system has a responsibility in terms of security and safety, irrespective of their type of contract and/or duration of contract), with a minimum amount of $75,000.","(ج) التكاليف المتصلة بالميدان التي يتم تكبدها في الميدان أو تتصل بصورة مباشرة بتوفير الدعم التشغيلي من المقر إلى المكاتب الميدانية، تقسَّم فيما بين المنظمات المشارِكة، في حين تتحمل الأمم المتحدة التكاليف المركزية لإدارة وتوجيه العمليات (التوجيه والإدارة على المستوى التنفيذي، والتخطيط للسياسات العامة والطوارئ، والتحقيقات، والرقابة على العمليات الأمنية، والدعم الإداري).
7 - واستناداً إلى هذه المبادئ، وفي أعقاب مشاورات مكثفة بين المنظمات في منظومة الأمم المتحدة، وافقت اللجنة الإدارية الرفيعة المستوى في دورتها التاسعة التي عُقِدت في نيسان/أبريل 2005 على تخصيص التكاليف الأمنية المتعلقة بالميدان على أساس النسبة المئوية الفعلية للموظفين، والمستمدة من البيانات الواردة في تعداد أمانة مجلس الرؤساء التنفيذيين (أي جميع الأفراد الموجودين في بلدان غير البلدان الأعضاء في منظمة التعاون والتنمية في الميدان الاقتصادي الذين تكون منظومة الأمم المتحدة مسؤولة عنهم من ناحية الأمن والسلامة، بغض النظر عن نوع عقدهم و/أو مدة العقد) بحد أدنى 75 000 دولار.",,,,,,
sample,unpc-numeric-0002,numeric,accepted,,en->ar,What total amount in dollars was allocated for the biennium 2008‑2009 within the capital master plan?,ما هو إجمالي المبلغ بالدولار الذي تم تخصيصه للفترة الثنائية 2008‑2009 ضمن الخطة الرئيسية للعاصمة؟,,,"30,272,400 dollars",30 272 400 دولار,"6. Also recalls section II.B of its resolution 63/248, and regrets that the Secretary-General did not consult Member States on the need to upgrade the broadcast facility, even though the upgrade was conceived long before the conception of the capital master plan;
7. Requests the Secretary-General to utilize the existing furniture where possible in a cost-effective manner;
8. Also requests the Secretary-General to reduce the projected costs of furniture for the new facilities of the United Nations;
9. Recalls paragraph 50 of the report of the Advisory Committee on Administrative and Budgetary Questions, and requests the Secretary-General to make every effort to absorb the associated costs for the biennium 2008 - 2009 from within the overall budget approved for the capital master plan in a total amount of 30,272,400 dollars (net), broken down as follows:","6 - تشير أيضا إلى الجزء الثاني - باء من قرارها 63/248، وتعرب عن أسفها لأن الأمين العام لم يستشر الدول الأعضاء بشأن الحاجة إلى تحديث مرفق البث بالرغم من أن فكرة هذا التحديث قد سبقت بوقت طويل فكرة المخطط العام لتجديد مباني المقر؛
7 - تطلب إلى الأمين العام أن يكفل استخدام الأثاث الموجود، متى أمكن ذلك، وبشكل فعال من حيث التكلفة؛
8 - تطلب أيضا إلى الأمين العام أن يكفل خفض التكاليف المتوقعة للأثاث في المرافق الجديدة للأمم المتحدة؛
9 - تشير إلى الفقرة 50 من تقرير اللجنة الاستشارية لشؤون الإدارة والميزانية(7)، وتطلب إلى الأمين العام أن يبذل كل جهد ممكن لاستيعاب التكاليف المرتبطة بالمشروع لفترة السنتين 2008-2009 في حدود موارد الميزانية العامة المعتمدة للمخطط العام لتجديد مباني المقر، وهي التكاليف التي يصل صافي مجموع مبالغها إلى 30 272 400 دولار، موزعة على النحو التالي:",,,,,,
sample,unpc-numeric-0003,numeric,accepted,,ar->en,What is the total number of national jobs that were approved and created in January 2004?,ما هو إجمالي عدد الوظائف الوطنية التي تم إقرارها وإنشاؤها في يناير 2004؟,,,"9,231",9 231,"III. Background and recent developments
6. As at January 2004, a total of 9,231 national posts had been approved and established in peacekeeping and other field missions. That number includes both NPO posts (306) and national general services posts (8,925).
7. National general service staff are represented in all components of every mission, encompassing the political and other substantive components and all the administrative and logistical areas. They are recruited as secretaries, administrative assistants, technicians, transport or information technology assistants and public information or language assistants.
8. In 1995 NPOs were first employed in the United Nations Verification Mission in Guatemala (MINUGUA) as human rights officers. Two years later NPO positions were established in the United Nations Mission in Bosnia and Herzegovina (UNMIBH) in connection with the Judicial System Assessment Project and later on in the United Nations Interim Administration Mission in Kosovo (UNMIK), whose mandate in governance and public administration was particularly suited for the use of national expertise.","ثالثا - الخلفية والتطورات الحاصلة مؤخرا
6 - في كانون الثاني/يناير 2004، تم إقرار وإنشاء ما مجموعه 9 231 وظيفة وطنية في بعثات حفظ السلام وغيرها من البعثات الميدانية. ويشمل هذا العدد وظائف الموظفين الفنيين المعينين على المستوى الوطني (306) وكذلك وظائف وطنية من فئة الخدمات العامة (8 925).
7 - والموظفون الوطنيون من فئة الخدمات العامة ممثَّلون في جميع عناصر كل بعثة، بما في ذلك العنصر السياسي والعناصر الفنية الأخرى، وكافة المجالات الإدارية والسوقية. وهم يوظفون للعمل في مجال السكرتارية وكمساعدين إداريين، وفنيين، ومساعدين في مجالات النقل أو تكنولوجيا المعلومات أو شؤون الإعلام أو مساعدين لغويين.
8 - وفي عام 1995، استُخدم الموظفون الفنيون المعينون على المستوى الوطني لأول مرة في بعثة الأمم المتحدة للتحقق في غواتيمالا كموظفين في مجال حقوق الإنسان. وبعد ذلك بسنتين أُنشئت وظائف لموظفين فنيين معينين على المستوى الوطني في بعثة الأمم المتحدة في البوسنة والهرسك فيما يتصل بمشروع تقييم النظام القضائي، ثم في بعثة الأمم المتحدة للإدارة المؤقتة في كوسوفو التي كانت ولايتها في مجال شؤون الحكم والإدارة العامة مناسبة بشكل خاص للاستفادة من الخبرة الوطنية.",,,,,,
sample,unpc-numeric-0005,numeric,accepted,,ar->en,What is the amount of the proposed needs for the United Nations mission to provide assistance to Iraq?,ما هو مبلغ الاحتياجات المقترحة لبعثة الأمم المتحدة لتقديم المساعدة إلى العراق؟,,,"500,000 dollars",500 000 دولار,"11. Also recalls paragraph 8 of the report of the Advisory Committee, and decides to establish a second Public Information Officer position (P3) in the United Nations Assistance Mission in Somalia;
12. Decides to establish one Principal Political Affairs Officer position (D1) (Constitution Adviser) in the United Nations Support Mission in Libya;
13. Also decides not to abolish one P3 position, one National Professional Officer position and one General Service (Local level) position in the United Nations Support Mission in Libya;
14. Takes note of paragraph 197 of the report of the Advisory Committee, and decides that the commensurate reduction in resident auditor staffing in Kuwait will be reflected in the budget of the United Nations Assistance Mission in Afghanistan for 2014;
15. Decides not to approve the requirements of 500,000 dollars for quick-impact projects proposed for the United Nations Assistance Mission for Iraq;","11 - تشير أيضا إلى الفقرة 8 من تقرير اللجنة الاستشارية()، وتقرر إنشاء وظيفة ثانية لموظف إعلام (ف-3) في بعثة الأمم المتحدة لتقديم المساعدة إلى الصومال؛
12 - تقرر إنشاء وظيفة لموظف رئيسي للشؤون السياسية (مد-1) (مستشار لشؤون الدستور) في بعثة الأمم المتحدة للدعم في ليبيا؛
13 - تقرر أيضا عدم إلغاء وظيفة برتبة ف-3 ووظيفة موظف وطني من الفئة الفنية ووظيفة من فئة الخدمات العامة (الرتبة المحلية) في بعثة الأمم المتحدة للدعم في ليبيا؛
14 - تحيط علما بالفقرة 197 من تقرير اللجنة الاستشارية()، وتقرر أن تتضمن ميزانية بعثة الأمم المتحدة لتقديم المساعدة إلى أفغانستان لعام 2014 الانخفاض الذي يتناسب مع الوضع في الملاك الوظيفي لمراجعي الحسابات المقيمين في الكويت؛
15 - تقرر عدم الموافقة على الاحتياجات البالغة 500 000 دولار للمشاريع ذات الأثر السريع المقترحة لبعثة الأمم المتحدة لتقديم المساعدة إلى العراق؛",,,,,,
sample,unpc-numeric-0006,numeric,accepted,,en->ar,What was the previous financial disclosure threshold for assets and income from non-United Nations sources?,ما هو الحد السابق للإفصاح المالي عن الأصول والدخل من مصادر غير تابعة للأمم المتحدة؟,,,"$25,000",25 000 دولار,"B. Details of the main responsibilities of the ethics office
Administering the Organization's financial disclosure programme
7. Full disclosure of financial information is a safeguard both for individual staff members and for the Organization. It enables an informed judgement to be made with respect to a staff member's compliance with applicable conflict-of-interest rules and standards of conduct regulations, and it allows the staff member and the Organization to fashion appropriate protections against actual or potential conflicts of interest when they first appear.
8. The Organization's financial disclosure programme requires designated staff members to file a confidential statement of their financial interests every year. Until recently, only staff members at the level of Assistant Secretary-General and above were required to file financial disclosure statements. The Secretary-General has issued new rules on financial disclosure that extend the financial disclosure requirements to staff carrying out procurement and investment functions, in accordance with the request of the General Assembly in paragraph 10 of its resolution 52/252. The new rules also lower the financial disclosure threshold levels considerably: the threshold for assets and income from non-United Nations sources is lowered from $25,000 to $10,000 and the threshold for gifts from $10,000 to $250.","باء - تفاصيل المسؤوليات الرئيسية لمكتب الأخلاقيات
إدارة برنامج الإقرارات المالية التابع للمنظمة
7 - يوفر الكشف الكامل عن المعلومات المالية ضمانا بالنسبة لكل موظف وللمنظمة على السواء. إذ أنه يتيح اتخاذ قرارات مستنيرة فيما يتعلق بامتثال الموظف لقواعد تضارب المصالح ومعايير أنظمة السلوك المنطبقة، ويسمح هذا الكشف للموظف والمنظمة وضع أساليب الحماية المناسبة ضد أي تضارب فعلي أو محتمل للمصالح بمجرد ظهوره.
8 - ويُلزم برنامج الإقرارات المالية التابع للمنظمة الموظفين المعنيين بإيداع بيانات سرية عن مصالحهم المالية كل عام. وحتى مؤخرا، لم يكن مطلوبا إلا من الموظفين برتبة الأمين العام المساعد وما فوقها إيداع إقرارات الذمة المالية. وقد أصدر الأمين العام قواعد جديدة بشأن الذمة المالية توسع نطاق شروط الإقرارات المالية لتشمل الموظفين الذين يقومون بمهام تتعلق بالمشتريات والاستثمار وفقا لطلب الجمعية العامة الوارد في الفقرة 10 من قرارها 52/252. وتخفِّض القواعد الجديدة أيضا مستويات الحد الأدنى للذمة المالية بدرجة كبيرة: فقد خفض الحد الأدنى للأصول والإيرادات من غير موارد الأمم المتحدة من 25 000 دولار إلى 10 000 دولار وقلل الحد الأدنى للهدايا من 10 000 دولار إلى 250 دولارا.",,,,,,
sample,unpc-numeric-0007,numeric,accepted,,en->ar,How many bilateral investment treaties were in force at the end of 2004?,كم عدد معاهدات الاستثمار الثنائية التي كانت سارية المفعول في نهاية عام 2004؟,,,"2,392",2 392,"It is thus of primary importance to ensure efficient use of FDI and to address the issue of the concentration of FDI flows in large emerging market economies. The 10 largest recipient countries still account for three quarters of total FDI inflows in developing countries. This remains a major challenge, especially for African countries and LDCs, which respectively account for less than 3per cent and 1 per cent of world FDI flows. Efforts have been made to create a conducive environment for further expansion.
Developing countries continued to strengthen their efforts to reform national regulations on foreign investment and to pursue foreign investment proactively. The number of bilateral investment treaties and double taxation treaties totaled 2,392 and 2,559, respectively, and the number of other international investment agreements exceeded 209 at the end of 2004.","56- ومن الأهمية بمكان بالتالي تأمين الاستخدام الفعال للاستثمار الأجنبي المباشر والتطرق لمسألة تركز تدفقات الاستثمار الأجنبي المباشر في اقتصادات السوق الكبيرة الناشئة. وما زالت أكبر عشرة بلدان متلقية تمثل ثلاثة أرباع إجمالي تدفقات الاستثمار الأجنبي المباشر في البلدان النامية. ويظل ذلك يطرح تحدياً رئيسياً، ولا سيما للبلدان الأفريقية ولأقل البلدان نمواً، التي تمثل على التوالي أقل من 3 في المائة و1 في المائة من تدفقات الاستثمار الأجنبي المباشر العالمية. وما انفكت الجهود تُبذل لخلق بيئة تفضي إلى مزيد التوسع.
57- وظلت البلدان النامية تعزز جهودها لإصلاح القواعد الوطنية بشأن الاستثمار الأجنبي وتنشد الاستثمار الأجنبي بشكل فعال المنحى. وبلغ إجمالي عدد معاهدات الاستثمار الثنائية ومعاهدات الضريبة المزدوجة 2 392
و2 559 على التوالي، فيما تجاوز عدد اتفاقات الاستثمار الدولية الأخرى 209 في نهاية عام 2004.",,,,,,
sample,unpc-numeric-0008,numeric,accepted,,ar->en,How many secondary schools are there in the country?,كم عدد المدارس الثانوية الموجودة في البلاد؟,,,"1,711",1 711,"Presidential decrees on improving the educational system in Turkmenistan (15 February 2007), on improving the functioning of education and instruction establishments (4 March 2007) and on increasing student grants and salaries for educators (30 March 2007), which resulted in higher salaries for employees in the education sector, in larger student grants, in reduced teaching workloads and in the opening of boarding schools for children of remote etraps (districts) of the velayats (regions) have promoted the fullest enjoyment of the constitutional right to education by the country's citizens, including women.
An extensive network of educational institutions has been set up to provide the necessary conditions for all citizens to receive primary, secondary and specialized education regardless of gender, ethnicity, material or other status. The network includes State-supported pre-schools, schools, vocational establishments, boarding schools for disabled children and higher education institutions. At present, the country has 1,711 secondary schools, attended by over 1 million children. There are 17 secondary-level vocational schools and 17 higher education institutions. Higher education is free of charge.","وكانت المراسيم التي أصدرها رئيس تركمانستان لتحسين نظام التعليم (15 شباط/ فبراير 2007) وتحسين نشاط المدارس (4 آذار/مارس 2007) وزيادة أجور المدرسين والمنح الدراسية (30 آذار/مارس 2007) قد ساهمت إلى حد بعيد في ممارسة المواطنين، بمن فيهم النساء، لحقهم الدستوري في التعليم؛ وتنفيذا لهذه المراسيم، رفعت أجور المدرسين وكذلك المنح الدراسية، وانخفض حجم عمل المدرسين، وفتحت مدارس داخلية في المناطق لأطفال الأحياء النائية.
وتم إنشاء شبكة واسعة من المدارس في البلد تؤمن الشروط المطلوبة لحصول جميع المواطنين على التعليم الابتدائي والثانوي والتعليم المتخصص، بصرف النظر عن نوع جنسهم، أو جنسيتهم، أو حالتهم المدنية وما إلى ذلك. وتتضمن هذه الشبكة مدارس تتكفل الدولة بتكاليف تعهدها، وهي مدارس الأطفال الذين هم دون سن المرحلة الدراسية، ومدارس التعليم الابتدائي، والمدارس المهنية، والمدارس الداخلية للأطفال ذوي الإعاقة، ومدارس التعليم العالي. وهناك في البلد حاليا 1 711 مدرسة ثانوية يدرس فيها أكثر من مليون طفل. وهناك 17 مدرسة مهنية و 17 مؤسسة للتعليم العالي. وتقدم خدمات التعليم العالي مجانا.",,,,,,
sample,unpc-numeric-0009,numeric,accepted,,en->ar,What total amount of new contributions was available at the end of the eighth session?,ما هو إجمالي المبلغ المتاح من المساهمات الجديدة في نهاية الدورة الثامنة؟,,,"US$ 186,000",186 000 دولار من دولارات الولايات المتحدة,"Paragraphs Page
I. FINANCIAL STATUS OF THE FUND 1 4
II. EIGHTH SESSION OF THE BOARD OF TRUSTEES 2 - 21 4
III. NEEDS ASSESSMENT FOR THE NINTH SESSION 22 7
IV. FUND-RAISING 23 - 25 7
V. NINTH SESSION 26 7
VI. HOW TO CONTRIBUTE TO THE FUND 27 - 29 7
VII. RECOMMENDATIONS 30 8
Annex I 9
Annex II 10
Annex III 12
Financial status of the Fund
1. According to information received from the Programme Planning and Budget Section of the United Nations Office at Geneva, US$ 153,000 was available from new contributions paid since the seventh session of the Board of Trustees (see annex I) at the beginning of the eighth session. The Board had been informed by the United Nations Treasurer that, in addition, contributions were paid to the Fund by Israel, Saudi Arabia, students of the Archway School (Gloucester, United Kingdom), students and teachers of Scelem (Italy) and Mr. Sandro Spinelli (Italy). A total amount of US$ 186,000 was therefore available from new contributions at the end of the session.","الفقــرات الصفحة
أولاً- الوضع المالي للصندوق 1 4
ثانياً- الدورة الثامنة لمجلس الأمناء 2-21 4
ثالثاً- تقييم احتياجات الدورة التاسعة 22 7
رابعاً- جمع الأموال 23-25 8
خامساً- الدورة التاسعة 26 8
سادساً- كيفية التبرع للصندوق 27-29 8
سابعاً- التوصيــات 30 9
المرفق الأول 10
المرفق الثاني 11
المرفق الثالث 13
1- تفيد المعلومـات الواردة من قسم تخطيط البرامـج والميزانيـة في مكتب الأمم المتحدة بجنيف عن توفر 153 000 دولار من دولارات الولايات المتحدة من التبرعات الجديدة التي تم تسديدها منذ الدورة السابعة لمجلس الأمناء (انظر المرفق الأول)، وذلك عند بداية الدورة الثامنة. وكان أمين خزانة الأمم المتحدة قد أطلع المجلس على أنه بالإضافة إلى ذلك وردت تبرعات إلى الصندوق من إسرائيل والمملكة العربية السعودية وتلامذة مدرسة آرتشووي (غلوستر، المملكة المتحدة)، وتلامذة ومعلمي شيليم (إيطاليا) والسيد ساندرو سبينللي (إيطاليا). وبذا يصبح المبلغ الإجمالي المتوفر من التبرعات الجديدة عند نهاية الدورة 186 000 دولار من دولارات الولايات المتحدة.",,,,,,
sample,unpc-numeric-0010,numeric,accepted,,en->ar,How many persons were granted amnesty on Eid al-Fitr and the anniversary of Imam Reza's birthday?,كم عدد الأشخاص الذين مُنحوا العفو في عيد الفطر وفي ذكرى ميلاد الإمام رضا؟,,,"14,443 persons",14 443,"The mechanism for elections in the country and the supervision over the mechanism from the viewpoint of the right of the public to participate in public affairs and to have equality before the law comply with the provisions of article 25 of the International Covenant on Civil and Political Rights.
Operative paragraph 5
Amnesty, pardon or reduction of prison terms are proposed by the Head of the Judiciary to the Supreme Leader of the Islamic Republic of Iran according to article 110 of the Constitution. During the current Iranian calendar year, this provision has been used for a large number of persons on several occasions, including 1,002 persons on the national day of the Islamic Republic; 53 persons on the anniversary of the freedom of Khoramshahr (a city occupied by Saddam's regime); 871 persons on the anniversary of the Revelation of the Prophet; and 14,443 persons on Eid al-Fitr (at the end of Ramazan) and on the anniversary of the birthday of Imam Reza (peace be upon him).","وآلية تنظيم الانتخابات في البلد والإشراف على هذه الآلية لضمان حق عامة الناس في المشاركة في الشؤون العامة، والتمتع بالمساواة أمام القانون، تمتثل لأحكام المادة 25 من العهد الدولي الخاص بالحقوق المدنية والسياسية.
الفقرة 5 من المنطوق
يقترح رئيس الجهاز القضائي على المرشد الأعلى لجمهورية إيران الإسلامية العفو عن بعض السجناء أو تقليص فترات سجنهم وفقا للمادة 110 من الدستور. وخلال السنة التقويمية الإيرانية الحالية، تم الاستناد إلى هذا الحكم للإفراج عن عدد كبير من الأشخاص في عدة مناسبات، بمن فيهم 1 002 شخص بمناسبة اليوم الوطني لجمهورية إيران الإسلامية، و 53 شخصا بمناسبة الاحتفال بتحرير مدينة خورامشهر (وهي مدينة احتلها نظام صدّام)، و 871 شخصا بمناسبة الذكرى السنوية لنزول الوحي على النبي، و 14 443 شخصا بمناسبة عيد الفطر (نهاية شهر رمضان)، وبمناسبة الاحتفال بمولد الإمام الرضا (عليه السلام).",,,,,,
sample,unpc-numeric-0011,numeric,accepted,,ar->en,What is the number of hectares that the president decided to transfer ownership of to the indigenous communities?,ما عدد الهكتارات التي قرر الرئيس نقل ملكيتها إلى المجتمعات الأصلية؟,,,"150,000 new hectares",150 000,"78. With a loan from the Inter-American Development Bank, his Government was also implementing the ""Origins"" project which sought to improve the living conditions and promote the development of the Aymara, Mapuche and Atacaman peoples while respecting their identity, especially by strengthening the management and administrative capacity of participating indigenous communities with a view to sustainable development. The Chilean Congress was preparing to ratify ILO Convention No. 169 concerning Indigenous and Tribal Peoples in Independent Countries.
79. Conscious of the special relationship between indigenous peoples and the earth, the President had decided to transfer 150,000 new hectares of land to indigenous communities. It should be noted that more than 215,000 hectares had already been transferred between 1994 and 2001, benefiting some 5,000 indigenous families.
80. In the fields of education and culture, the Government programme of indigenous scholarships for primary, secondary, vocational and university education continued to expand, with 25,000 scholarships currently being awarded each year, compared to 18,000 in 2000. Furthermore, a bilingual intercultural educational programme was currently being implemented, with the goal of training bilingual teachers, developing bilingual pedagogical material and supporting intercultural schools.","78 - وقال إنه تم بفضل قرض من المصرف الأمريكي للتنمية أن أقامت الحكومة أيضا مشروع ""الأصول"" الذي يهدف إلى تحسين ظروف معيشة شعوب المارا وجابوش والسكان الأصليين لشعوب أتاكاما وتحسين تنميتهم في إطار من احترام الهوية، وخاصة عن طريق تعزيز طاقات المجتمعات الأصلية المشاركة في مجال التنظيم والإدارة في إطار التنمية المستدامة. وأخيرا، يستعد الكونغرس للتصديق على الاتفاقية رقم 169 لمنظمة العمل الدولية المتعلقة بالشعوب والقبائل الوطنية.
79 - ووعيا بالعلاقة المتميزة التي توحد السكان الأصليين بالأرض، قرر الرئيس نقل ملكية 150 000 هكتار جديد من الأرض إلى المجتمعات الأصلية. وجدير بالذكر أنه فيما بين عامي 1994 و 2001، تم بالفعل نقل ملكية أكثر من 215 000 هكتار إلى نحو 5 000 عائلة من السكان الأصليين.
80 - وفي ميدان التعليم والثقافة، لم يكف البرنامج الحكومي للمنح الدراسية المقدمة إلى السكان الأصليين، والتي تشمل المرحلتين الابتدائية والثانوية وكذلك التعليم المهني والتعليم العالي، عن النمو حيث أنه يتم تقديم 25 000 منحة كل عام مقابل 18 000 في عام 2000. وفضلاً عن ذلك، يتم حاليا تنفيذ برنامج تعليمي مشترك بين الثقافات وثنائي اللغة، يهدف إلى إعداد مدرسين ثنائي اللغة، ووضع مواد تربوية ثنائية اللغة ودعم المدارس المتعددة الثقافات.",,,,,,
sample,unpc-numeric-0012,numeric,accepted,,en->ar,How many troops were initially authorized for the military component of UNMISET?,كم عدد القوات التي تم تفويضها في البداية للمكوّن العسكري لبعثة الأمم المتحدة في تيمور الشرقية (UNMISET)؟,,,"up to 5,000 troops",5 000 جندي,"(c) To contribute to the maintenance of the external and internal security of East Timor;
3. Decides that UNMISET will be headed by a Special Representative of the Secretary-General and will consist of:
(a) A civilian component comprising an office of the Special Representative of the Secretary-General with focal points for gender and HIV/AIDS, a Civilian Support Group of up to 100 personnel filling core functions, a Serious Crimes Unit and a Human Rights Unit;
(b) A civilian police component initially comprised of 1,250 officers;
(c) A military component with an initial strength of up to 5,000 troops including 120 military observers;
4. Requests UNMISET to give full effect to the following three Programmes of the Mandate Implementation Plan as set out in section III A 3 of the report of the Secretary-General:","(ج) الإسهام في صون الأمن الخارجي والداخلي في تيمور الشرقية؛
3 - يقرر أن يرأس البعثة ممثل خاص للأمين العام وأن تتألف البعثة مما يلي:
(أ) عنصر مدني يضم مكتب الممثل الخاص للأمين العام مع جهات تنسيق تعنى بالشؤون الجنسانية وبفيروس نقص المناعة البشرية/الإيدز، وفريق الدعم المدني المؤلف من عناصر تصل إلى 100 موظف يشغلون الوظائف الأساسية، ووحدة الجرائم الخطيرة، ووحدة حقوق الإنسان؛
(ب) عنصر شرطة مدنية يضم مبدئيا 1 250 ضابطا؛
(ج) عنصر عسكري قوامه الأساسي يصل إلى 5 000 جندي بمن فيهم 120 مراقبا عسكريا؛
4 - يطلب إلى البعثة أن تُعمل البرامج الثلاثة التالية لخطة تنفيذ الولاية إعمالا كاملا وفقا لما نُص عليه في الفرع الثالث ألف - 3 من تقرير الأمين العام:",,,,,,
sample,unpc-numeric-0013,numeric,accepted,,ar->en,How many times higher are the cases of nose and throat cancer in Guam compared to the United States population?,ما عدد مرات زيادة حالات سرطان الأنف والحلق في غوام مقارنةً بسكان الولايات المتحدة؟,,,"1,995 times",1 995 مرة,"24. There were high incidences of chronic diseases in Guam and research had attributed the high rates of amyotrophic lateral sclerosis, Parkinson's disease and dementia to the nuclear contamination of resources by the United States military. There could be no doubt that the United States military had caused toxic contamination throughout Guam. There was a high incidence of cancer in the villages of Santa Rita and Yigo, which were in close proximity to the two major military bases. Guam had 1,995 times the number of nasopharyngeal cancers found in the United States population, and high levels of arsenic, lead, copper, mercury, tin and polychlorinated biphenyls had been found at Apra Harbor and at the Ordot Landfill. The 2001 Congressional testimony of retired Lt. Charles Bert Schreiber of the United States Navy had revealed the storage and cover-up of contamination by nuclear chemicals by the United States military in Guam. The Chamorros had not been officially informed that they had been consuming contaminated rainwater since the detonation of a hydrogen bomb on Enewetak in the Marshall Islands. The administering Power's Radiation Exposure Compensation Act did not include the local civilian community.",24 - وأضافت أن هناك حالات كثيرة من الأمراض المزمنة في غوام، وعزت الأبحاث المعدلات العالية للتصلب الضموري الجانبي، ومرض باركنسون، والخرف إلى التلوث النووي للموارد التي سببه جيش الولايات المتحدة. ولا يمكن أن يكون هناك شك في أن جيش الولايات المتحدة سبّب تسرب السموم في كل أنحاء غوام. وهناك حالات كثيرة من السرطان في قريتي سانتا ريتا وييغو، الموجودتين بالقرب من قاعدتين عسكريتين رئيسيتين. وإن عدد حالات سرطان الأنف والحلق في غوام أكثر من الحالات الموجودة بين سكان الولايات المتحدة 1 995 مرة، كما تم العثور على مستويات عالية من الزرنيخ والرصاص والنحاس والزئبق والقصدير ومركبات ثنائية الفينيل في ميناء أبرا في مدفن القمامة أوردوت. وكشفت شهادة النقيب المتقاعد شارلز بيرت شريبير في بحرية الولايات المتحدة أمام الكونغرس عن تخزين الجيش الأمريكي في غوام لمواد كيميائية نووية وتغطية ما سببته من تلوث. ولم يتم إبلاغ شعب تشامورو بأنه يستهلك مياه أمطار ملوثة منذ تفجير القنبلة الهيدروجينية على أينيويتاك في جزر مارشال. ولا يشمل قانون التعويض عن التعرض للإشعاعات الذي أصدرته السلطة القائمة بالإدارة السكان المدنيين المحليين.,,,,,,
sample,unpc-numeric-0014,numeric,accepted,,en->ar,How many large-scale natural disaster events were recorded in the past decade?,كم عدد الأحداث الطبيعية ذات النطاق الواسع التي سُجلت في العقد الماضي؟,,,"some 4,130 events",4 130 حادثة,"27. Between 2000 and 2009, an average of some 270 million people annually were affected by natural and technological disasters. More than 1.1 million deaths were recorded in large-scale natural disasters -- some 4,130 events in all -- in the past decade. The incidence of natural disasters has been increasing, and climate change will increase the risk for millions of individuals, their homes, their communities and the infrastructure that supports them.
28. A comparative analysis of disaster statistics in Latin America found that for each disaster listed in global disaster databases, there are some 20 other disasters with a destructive impact on local communities that are not recorded. In Latin America, the cumulative effect of 10 years of local disasters was found to have had a greater impact on the poor than any single event.","27 - وفي الفترة بين عامي 2000 و 2009، تضرر ما يقرب من 270 مليون شخص في المتوسط سنويا من جراء الكوارث الطبيعية والتكنولوجية(). وتم تسجيل ما يزيد على 1.1 مليون حالة وفاة من جراء الكوارث الطبيعية الواسعة النطاق - بلغ مجموعها حوالي 4 130 حادثة - خلال العقد الماضي(). وما فتئت تتزايد معدلات وقوع الكوارث الطبيعية كما أن الآثار المترتبة على تغير المناخ ستشكل خطرا متزايدا على حياة ملايين الأشخاص، وعلى بيوتهم، ومجتمعاتهم المحلية، والبنية التحتية التي تخدمهم.
28 - وأظهر تحليل مقارن لإحصاءات الكوارث في أمريكا اللاتينية أن مقابل كل كارثة أدرجت في قواعد بيانات الكوارث على الصعيد العالمي، هناك حوالي 20 كارثة أخرى لها تأثير مدمر على المجتمعات المحلية لم يتم تسجيلها(). وفي أمريكا اللاتينية، تبين أن الأثر التراكمي لعشر سنوات من الكوارث المحلية كان أكبر على الفقراء من أي حادثة منفردة().",,,,,,
sample,unpc-numeric-0016,numeric,accepted,,en->ar,What is the maximum grant amount provided by the Voluntary Fund?,ما هو الحد الأقصى لمبلغ المنحة المقدمة من الصندوق الطوعي؟,,,"$15,000",15 000 دولار,"33. The Voluntary Fund has supported 176 indigenous projects in the following countries: Algeria, Argentina, Australia, Bangladesh, Belize, Bolivia, Botswana, Brazil, Burkina-Faso, Burundi, Cambodia, Canada, Chile, Colombia, Costa Rica, Democratic Republic of the Congo, Ecuador, El Salvador, Ghana, Guatemala, India, Indonesia, Japan, Kenya, Mali, Mexico, Morocco, Myanmar, Namibia, Nepal, New Caledonia, Niger, Nigeria, Pakistan, Panama, Peru, Paraguay, Philippines, Russian Federation, Rwanda, South Africa, Sweden, Thailand, Togo, Uganda, Ukraine, United Republic of Tanzania, United States of America and Venezuela. The projects have been proposed, implemented and evaluated by indigenous organizations that must send narrative and financial reports on completion of the activity. Grants do not exceed $15,000 and generally average between $5,000 and $10,000. Projects include human rights training sessions, support for publications, activities aimed at strengthening indigenous organizations and newsletters and are particularly aimed at grassroots organizations that do not have other funding possibilities. During the Decade, up until May 2004, the Voluntary Fund had received contributions totalling more than $2.2 million.",33 - وساند صندوق التبرعات 176 مشروعا لدى الشعوب الأصلية في البلدان التالية: الاتحاد الروسي والأرجنتين وأستراليا وإكوادور وإندونيسيا وأوغندا وأوكرانيا وباراغواي وباكستان والبرازيل وبليز وبنغلاديش وبنما وبوتسوانا وبوركينا فاصو وبوروندي وبوليفيا وبيرو وتايلند وتوغو والجزائر وجمهورية تنزانيا المتحدة وجمهورية الكونغو الديمقراطية وجنوب أفريقيا ورواندا والسلفادور والسويد وشيلي وغانا وغواتيمالا والفلبين وفنزويلا وكاليدونيا الجديدة وكمبوديا وكندا وكوستاريكا وكولومبيا وكينيا ومالي والمغرب والمكسيك وميانمار وناميبيا ونيبال والنيجر ونيجيريا والهند والولايات المتحدة الأمريكية واليابان. وقد تم اقتراح هذه المشاريع وتنفيذها وتقييمها من قبل منظمات للشعوب الأصلية، التي يتعين عليها إرسال تقارير تفصيلية وتقارير مالية أخرى عند اكتمال النشاط. والمنح لا تتجاوز 15 000 دولار، وهي تتراوح عادة بين 5 000 و 10 000 دولار. وتشمل هذه المشاريع دورات تدريبية في مجال حقوق الإنسان، ومساندة للمنشورات، وأنشطة ترمي إلى تعزيز منظمات الشعوب الأصلية، ورسائل إخبارية، وهي تستهدف بصفة خاصة المنظمات على صعيد القواعد الشعبية والتي لا توجد لديها إمكانات تمويل أخرى. وخلال العقد وحتى أيار/مايو 2004، كان صندوق التبرعات قد تلقى مساهمات يبلغ مجموعها أكثر من 2.2 مليون دولار.,,,,,,
sample,unpc-numeric-0017,numeric,accepted,,ar->en,How many people are still detained according to the government?,كم عدد الأشخاص الذين لا يزالون محتجزين وفقًا للحكومة؟,,,"120,000 persons",120 000,"55. After reaffirming its commitment to human rights, the Government indicated the measures it had taken to reduce the prison population; these included the release of juvenile or elderly prisoners, useful work outside the prison and other measures of a similar nature. Special attention was being paid to minors, and those who had not been released were assisted by specially trained legal staff. Prisoners were cared for and health conditions in prisons had improved considerably. Four per cent of the national budget was appropriated for prisons, which were visited regularly by members of the International Committee of the Red Cross and by local and international nongovernmental organizations. The Government added that, as 120,000 persons were still in detention, it was making use of the traditional participative system of justice courts called ""Gacaca"". Lastly, the Government indicated its intention to ratify all international human rights conventions to which Rwanda was not yet party, and in particular the 1984 Convention against Torture and Other Cruel, Inhuman or Degrading Treatment or Punishment.","55- فأكدت الحكومة تمسكها بحقوق الإنسان، مشيرة إلى التدابير التي اتخذتها لتقليل عدد السجناء، ومنها الإفراج عن السجناء القصر أو كبار السن، والعمل من أجل المصلحة العامة خارج السجن وغير ذلك من التدابير التي لها نفس الهدف. ويحظى القصر باهتمام خاص، إذ يقوم موظفون قضائيون مدربون تدريباً خاصاً بتقديم المساعدة للذين لم يفرج عنهم. وتوفر الرعاية للسجناء، كما أن أوضاع الصحة والنظافة في السجون قد تحسنت تحسناً كبيراً. فيخصص 4 في المائة من الميزانية الوطنية للسجون، كما يقوم بزيارتها بصفة منتظمة أعضاء من لجنة الصليب الأحمر الدولية والمنظمات غير الحكومية المحلية والدولية. وذكرت الحكومة أن هناك 120 000 شخص ما زالوا محتجزين، ومن ثم، جرى اللجوء إلى القضاء العرفي القائم على المشاركة الذي يطلق عليه اسم ""غاكاكا"". وأخيراً، بينت الحكومة أنها تعتزم التصديق على جميع الاتفاقيات الدولية ذات الصلة بحقوق الإنسان التي لم تصبح رواندا طرفاً فيها بعد، وبوجه خاص اتفاقية مناهضة التعذيب وغيره من ضروب المعاملة أو العقوبة القاسية أو اللاإنسانية أو المهينة لعام 1984، وذلك دون تقديم أي تحفظ.",,,,,,
sample,unpc-numeric-0018,numeric,accepted,,en->ar,What amount was appropriated to the Special Account for the support provided to the African Union Mission in Somalia for the period from 1 July 2010 to 30 June 2011?,ما هو المبلغ المخصص للحساب الخاص لدعم المهمة التابعة للاتحاد الأفريقي في الصومال للفترة من 1 يوليو 2010 إلى 30 يونيو 2011؟,,,"184,866,900 United States dollars",184 866 900 دولار,"Budget estimates for the period from 1 July 2010 to 30 June 2011
6. Decides to appropriate to the Special Account for the support provided to the African Union Mission in Somalia the amount of 184,866,900 United States dollars for the period from 1 July 2010 to 30 June 2011, inclusive of 174,318,200 dollars for the maintenance of the entity, 8,933,900 dollars for the support account for peacekeeping operations and 1,614,800 dollars for the United Nations Logistics Base;
Financing of the appropriation for the period from 1 July 2010 to 30 June 2011
7. Also decides to apportion among Member States the amount of 107,839,025 dollars for the period from 1 July 2010 to 31 January 2011, in accordance with the levels updated in General Assembly resolution 64/249 of 24 December 2009, taking into account the scale of assessments for 2010 and 2011 as set out in its resolution 64/248 of 24 December 2009;","تقديرات الميزانية للفترة من 1 تموز/يوليه 2010 إلى 30 حزيران/يونيه 2011
6 - تقرر أن تعتمد للحساب الخاص لدعم بعثة الاتحاد الأفريقي في الصومال مبلغ 184 866 900 دولار من دولارات الولايات المتحدة للفترة من 1 تموز/يوليه 2010 إلى 30 حزيران/يونيه 2011، يشمل مبلغ 174 318 200 دولار للإنفاق على الكيان، ومبلغ 8 933 900 دولار لحساب دعم عمليات حفظ السلام ومبلغ 1 614 800 دولار لقاعدة الأمم المتحدة للوجستيات؛
تمويل الاعتماد للفترة من 1 تموز/يوليه 2010 إلى 30 حزيران/يونيه 2011
7 - تقرر أيضا أن تقسم فيما بين الدول الأعضاء مبلغ 107 839 025 دولاراً للفترة من 1 تموز/يوليه 2010 إلى 31 كانون الثاني/يناير 2011، وفقا للمستويات المستكملة في قرار الجمعية العامة 64/249 المؤرخ 24 كانون الأول/ديسمبر 2009، ومع مراعاة جدول الأنصبة المقررة لعامي 2010 و 2011، على النحو المبين في قرارها 64/248 المؤرخ 24 كانون الأول/ديسمبر 2009؛",,,,,,
sample,unpc-numeric-0019,numeric,accepted,,ar->en,What is the estimated number of deaths in the armed conflict in Nepal during 2004?,ما هو عدد القتلى المقدر في الصراع المسلح في نيبال خلال عام 2004؟,,,"surpassed the 10,000 mark",10 000,"2. The activities of OHCHR in Nepal focus chiefly on the provision of advice and assistance to the National Human Rights Commission; support to the United Nations Resident Coordinator and the Country Team on issues of human rights protection and promotion; the provision of advice to the Government on human rights commitments and action needed to address problems arising; developing regular exchanges of information and views with civil society; and cooperation with regional and international partners. These activities are primarily undertaken by the United Nations Senior Human Rights Adviser, who is based in Kathmandu.
I. HUMAN RIGHTS CONTEXT
3. The critical human rights situation in Nepal is a result of the continuing armed struggle since 1996 by the Communist Party of Nepal-Maoist (CPN-M) to wage what it calls a ""Peoples' War"". During 2004, the estimated number of persons killed in armed conflict surpassed the 10,000 mark, almost two thirds of whose deaths were the result of actions undertaken by the security forces. Over 20 per cent of those killed during the nine years of conflict were killed in 2004. For the most part, the conflict is not being waged in a traditional battle setting but rather in villages and even in homes, where civilians have been most exposed to the dangers of armed conflict and to systematic abuses by both sides.","2- وتركز أنشطة مفوضية الأمم المتحدة السامية لحقوق الإنسان في نيبال بصورة أساسية على تقديم المشورة والمساعدة إلى اللجنة الوطنية لحقوق الإنسان؛ ودعم منسق الأمم المتحدة المقيم والفريق القطري في قضايا حماية وتعزيز حقوق الإنسان؛ كما تركز على تقديم المشورة للحكومة بشأن التعهدات المتعلقة بحقوق الإنسان والإجراءات المطلوبة لمعالجة المشاكل التي تظهر؛ وتطوير عمليات تبادل المعلومات والآراء بصورة منتظمة مع المجتمع المدني؛ والتعاون مع الشركاء على الصعيدين الإقليمي والدولي. ويضطلع بهذه الأنشطة أساساً كبير مستشاري الأمم المتحدة لحقوق الإنسان المقيم في كاتماندو.
أولاً - سياق حقوق الإنسان
3- إن حالة حقوق الإنسان الحرجة في نيبال ناجمة عن الكفاح المسلح المستمر الذي يخوضه الحزب الشيوعي - الماوي في نيبال منذ عام 1996 لشن ما يسميه ""الحرب الشعبية"". وخلال عام 2004، قُدر عدد قتلى الصراع المسلح بما يزيد على 10 000، وتسببت العمليات التي نفذتها قوات الأمن في مقتل ثلثي هذا العدد تقريباً. وبلغت نسبة القتلى في عام 2004 أكثر من 20 في المائة من مجموع الذين قُتلوا خلال هذا الصراع الدائر منذ تسع سنوات. وفي الأعم الأغلب، لا يجري الصراع في شكل معركة تقليدية، وإنما في القرى، بل وحتى في المنازل حيث المدنيون هم الأكثر عرضة لمخاطر الصراع المسلح وللانتهاكات المنهجية من قِبل طرفي الصراع.",,,,,,
sample,unpc-numeric-0021,numeric,accepted,,ar->en,What is the total amount of money provided by donors through the facility up to December 1996?,ما هو إجمالي الأموال التي قدمها المانحون عبر المرفق حتى ديسمبر 1996؟,,,"$248,400",٢٤٨ ٤٠٠ دوﻻر,"Similarly, the UNDP/United Nations Centre for Human Settlements (UNCHS) urban rehabilitation component revived the traditional system of representation on the district and neighbourhood level and solicits direct beneficiary input to identify priority problems. These programmes, based on decentralized development management approaches, set the stage for enhanced capacity-building of civil society.
During 1996, there were natural disasters in many parts of the region. Floods in Cambodia severely affected an estimated 500,000 people in six provinces and Phnom Penh. With UNDP assistance, over $1.5 million was quickly mobilized from the donor community for emergency relief for the most affected areas. Most of these funds were channelled through DHA to the World Food Programme (WFP) for food-for-work. In response to the disastrous typhoon and flood season in Viet Nam in 1996, UNDP established a facility for channelling disaster relief funds to the country. As of December 1996, five donors had used this facility and provided $248,400 to disaster victims.","وكذلك قام عنصر اﻹصﻻح الحضري المشترك بين مركز اﻷمم المتحدة للمستوطنات البشرية وبرنامج اﻷمم المتحدة اﻹنمائي بإحياء نظام التمثيل التقليدي على صعيدي المنطقة والحي وبالتماس مدخﻻت مباشرة من المستفيدين لتحديد المشاكل ذات اﻷولوية. وهذه البرامج القائمة على أساس نُهُج إدارة التنمية الﻻمركزية تهيئ الظروف لتعزيز بناء قدرات المجتمع المدني.
٤٣ - وخﻻل عام ١٩٩٦، حلت كوارث طبيعية بالعديد من أرجاء المنطقة. فقد ألحقت الفيضانات في كمبوديا ضررا بالغة بما يقدر ﺑ ٠٠٠ ٥٠ نسمة وست مقاطعات فضﻻ عن فنوم بنه. وتم بمساعدة برنامج اﻷمم المتحدة اﻹنمائي تعبئة أكثر من ١,٥ مليون دوﻻر على وجه السرعة من جماعة المانحين ﻹغاثة معظم المناطق المتضررة. وتم توجيه الجزء اﻷكبر من هذه اﻷموال إلى برنامج اﻷغذية العالمي عن طريق إدارة الشؤون اﻹنسانية لتوفير الغذاء مقابل العمل. وقام برنامج اﻷمم المتحدة اﻹنمائي، استجابة لﻹعصار المدمر وموسم الفيضانات في فييت نام في عام ١٩٩٦، بإنشاء مرفق لتوجيه أموال مخصصة لﻹغاثة من الكوارث إلى البلد. وحتى كانون اﻷول/ ديسمبر ١٩٩٦ كان خمسة مانحين قد استخدموا هذا المرفق لتقديم ٢٤٨ ٤٠٠ دوﻻر إلى ضحايا الكارثة.",,,,,,
sample,unpc-numeric-0022,numeric,accepted,,en->ar,What amount did Chile contribute to the trust fund?,ما هو المبلغ الذي ساهمت به تشيلي في صندوق الثقة؟,,,"$5,000",5 000 دولار,"C. Cooperation with academic institutions
10. The well-established cooperation with Columbia University Law School continued for the ninth consecutive year. Four more students contributed to the preparation of three studies relating to volumes II and IV of Supplement No. 10. The cooperation with the University of Ottawa, Faculty of Law, also continued for the second consecutive year and contributed to the completion of six studies pertaining to volume VI of Supplement No. 10. Furthermore, the cooperation with academic institutions has been extended to Fordham University School of Law, leading to the completion of one additional study for volume II of Supplement No. 10, and to Concord Law School, leading to progress in the preparation of a study pertaining to volume V of Supplement No. 10.
D. Trust fund
11. In its resolution 66/101, the General Assembly reiterated its call for voluntary contributions to the trust fund established pursuant to its resolution 59/44, in order to eliminate the backlog in the Repertory. Accordingly, a note verbale was sent to all permanent missions to the United Nations, reminding them of the possibility of making voluntary contributions to the trust fund and inviting them to bring the question of funding for the Repertory to the attention of private institutions and individuals that might wish to assist in that regard. The Secretary-General welcomes with appreciation the contributions to the trust fund of $5,000 from Chile and Euro5,000 from Finland.","جيم - التعاون مع المؤسسات الأكاديمية
10 - استمر التعاون الراسخ مع كلية الحقوق بجامعة كولومبيا للسنة التاسعة على التوالي. وأسهم أربعة طلاب آخرين في إعداد ثلاث دراسات تتعلق بالمجلدين الثاني والرابع من الملحق رقم 10(). واستمر أيضا التعاون مع كلية الحقوق بجامعة أوتاوا للسنة الثانية على التوالي وأسهم في إنجاز ست دراسات تتعلق بالمجلد السادس من الملحق رقم 10(). وعلاوة على ذلك، توسع نطاق التعاون مع المؤسسات الأكاديمية ليشمل كلية الحقوق بجامعة فوردهام، وهو ما مكن من إنجاز دراسة إضافية للمجلد الثاني من الملحق رقم 10()، وكلية كونكورد للحقوق، وهو ما مكن من إحراز تقدم في إعداد دراسة تتعلق بالمجلد الخامس من الملحق رقم 10().
دال - الصندوق الاستئماني
11 - كررت الجمعية العامة، في قرارها 66/101، دعوتها إلى تقديم تبرعات إلى الصندوق الاستئماني المُنشأ عملا بقرارها 59/44، لإنهاء الأعمال المتأخرة فيما يتعلق بمرجع ممارسات هيئات الأمم المتحدة. ووفقا لذلك، أُرسلت مذكرة شفوية إلى جميع البعثات الدائمة لدى الأمم المتحدة تذكِّرها بإمكانية تقديم تبرعات إلى الصندوق الاستئماني، وتدعوها إلى عرض مسألة تمويل المرجع على المؤسسات الخاصة والأفراد الذين قد يرغبون في تقديم المساعدة في هذا الصدد. ويرحب الأمين العام مع التقدير بمساهمة كل من شيلي وفنلندا في الصندوق الاستئماني بمبلغي 5 000 دولار و 5 000 يورو على التوالي.",,,,,,
sample,unpc-numeric-0023,numeric,accepted,,en->ar,What is the proposed budget amount for military and police personnel for the period 1 July 2013 to 30 June 2014?,ما هو مبلغ الميزانية المقترح لأفراد الجيش والشرطة للفترة من 1 يوليو 2013 إلى 30 يونيو 2014؟,,,"$6,702,500",6 702 500 دولار,"19. In paragraphs 13 to 15 of the proposed budget a number of efficiency initiatives are outlined (see also paras. 33 and 34 below). In paragraphs 16 and 17 the Secretary-General sets out measures to implement the observations and recommendations of legislative bodies and relevant internal policy decisions.
1. Military and police personnel
Approved 2012/13
Proposed 2013/14a
Variance
20. The proposed budget for military and police personnel for the period from 1 July 2013 to 30 June 2014 amounts to $6,702,500, an increase of $173,400, or 2.7 per cent, compared with the apportionment of $6,529,100 for 2012/13. The increase is mainly due to higher requirements for travel on emplacement, rotation and repatriation owing to higher ticket costs.","19 -وتبين الفقرات 13 إلى 15 من الميزانية المقترحة الخطوط الأساسية لعدد من مبادرات تحقيق الكفاءة (انظر أيضا الفقرتين 33 و 34 أدناه). ويحدد الأمين العام في الفقرتين 16 و 17 تدابير تنفيذ الملاحظات والتوصيات الصادرة عن الهيئات التشريعية وقرارات السياسات الداخلية المتصلة بذلك.
1 - الأفراد العسكريون وأفراد الشرطة
المعتمد للفترة 2012/2013
المقترح للفترة 2013/2014(أ)
الفرق
20 -تبلغ الميزانية المقترحة للأفراد العسكريين وأفراد الشرطة للفترة من 1 تموز/يوليه 2013 إلى 30 حزيران/يونيه 2014 ما مقداره 6 702 500 دولار، مما يمثل زيادة قدرها 173 400 دولار أو بنسبة 2.7 في المائة، بالمقارنة مع المخصصات البالغة 6 529 100 دولار للفترة 2012/2013. وتعزى هذه الزيادة أساسا إلى زيادة الاحتياجات المتصلة بالسفر في حالات التمركز والتناوب والإعادة إلى الوطن وذلك بسبب زيادة تكاليف تذاكر السفر.",,,,,,
sample,unpc-numeric-0024,numeric,accepted,,ar->en,What is the budget amount approved by the Authority Association for the fiscal year 2015-2016?,ما هي قيمة الميزانية التي أوصت بها جمعية السلطة للفترة المالية 2015-2016؟,,,"$15,743,143",15 743 143 دولارا,"With a view to aligning the regulation on monopolization of the Regulations on nodules with that of the Regulations on sulphides and of the Regulations on cobalt-rich crusts, the Council adopted decision ISBA/20/C/23, by which regulation 21 of the Regulations on Prospecting and Exploration for Polymetallic Nodules in the Area was amended by the insertion of a new paragraph immediately following paragraph 6 and the renumbering of paragraphs 7 to 11 of the Regulations accordingly.
X. Report of the Finance Committee
23. At its 195th meeting, on 17 July 2014, the Council considered the report of the Finance Committee (ISBA/20/A/5-ISBA/20/C/19) and recommended that the Assembly of the Authority adopt a budget of $15,743,143 for the Authority's operations for the financial period 2015-2016. The decision of the Council relating to the budget of the Authority for the financial period 2015-2016 and related matters is contained in document ISBA/20/C/21.","وبغية مواءمة المادة المتعلقة بالاحتكار في النظام المتعلق بالعقيدات مع المادة المماثلة في النظام المتعلق بالكبريتيدات والنظام المتعلق بالقشور الغنية بالكوبالت، اتخذ المجلس المقرر ISBA/20/C/23 الذي عدل بموجبه المادة 21 من نظام التنقيب عن العقيدات المتعددة الفلزات واستكشافها في المنطقة بإدراج فقرة جديدة تلي الفقرة 6 مباشرة، وإعادة ترقيم الفقرات من 7 إلى 11 من النظام وفقا لذلك.
حادي عشر - تقرير اللجنة المالية
23 - نظر المجلس، في جلسته 195 المعقودة في 17 تموز/يوليه 2014، في تقرير اللجنة المالية (ISBA/20/C/19-ISBA/20/A/5)، وأوصى جمعية السلطة بأن تعتمد ميزانية قدرها 15 743 143 دولارا تُرصد لعمليات السلطة للفترة المالية 2015-2016. ويرد مقرر المجلس بشأن ميزانية السلطة للفترة المالية 2015-2016 والمسائل ذات الصلة في الوثيقة ISBA/20/C/21.",,,,,,
sample,unpc-numeric-0025,numeric,accepted,,en->ar,What amount did the Department redeploy from its approved programme budget for the 2000-2001 biennium for the pilot project?,ما هو المبلغ الذي أعادته الإدارة من ميزانية برنامجها المعتمدة للثنائي 2000-2001 للمشروع التجريبي؟,,,"US$ 1,760,300",1 760 300 دولار,"20. The letter also sought the support of Member States for the implementation of the pilot project on the development of an international radio broadcasting capacity. It requested their assistance in approaching organizations involved in the broadcasting industry to make contributions, in cash or in kind, towards the implementation of the pilot project. The letter was accompanied by a questionnaire exploring the readiness of national broadcasting networks and satellite distribution operators to make airtime available for the broadcast of a daily United Nations radio programme package.
21. The Department of Public Information received responses from a limited number of Member States, none of which offered any financial contribution or commitment. The majority of responses confirmed readiness to participate in the project by offering airtime for the daily pilot project. They were supplemented by the results of the two questionnaire surveys that are reviewed in section II above. At the time of preparation of this report, a total of 114 radio stations and networks, including 11 international broadcasting organizations in 58 countries from all regions of the world, had expressed interest in participating in the pilot radio project by making a daily segment of airtime on their transmission facilities available for United Nations radio broadcasts. In view of the lack of any specific commitment to a financial contribution, it has been deemed necessary that the Department redeploy the amount of US$ 1,760,300 from its approved programme budget for the 2000-2001 biennium for implementation of the pilot project.","20 - كما دعت الرسالة الدول الأعضاء إلى دعم لتنفيذ المشروع النموذجي المتعلق بتطوير القدرة على البث الإذاعي الدولي. وطلبت مساعدتها للتوجه إلى المنظمات النشيطة في الصناعة الإذاعية لتقديم مساهمات نقدية أو عينية من أجل تنفيذ المشروع النموذجي. وقد أُرفقت الرسالة باستبيان لمعرفة مدى استعداد الشبكات الإذاعية الوطنية وشبكات التوزيع بالأقمار الصناعية لإتاحة قدر من وقت الإرسال لبث مجموعة من البرامج الإذاعية اليومية للأمم المتحدة.
21 - وتلقت إدارة شؤون الإعلام ردودا من عدد محدود من الدول الأعضاء ولم تعلن أي دولة عضو عن أي تبرعات أو التزامات مالية. وأكدت غالبية الردود استعداد المؤسسات الإذاعية للمشاركة في المشروع بتوفير حيز من وقت إرسالها للمشروع النموذجي اليومي. وقد انضافت إليها نتائج الاستقصاءين اللذين تم استعراضهما في الفرع الثاني أعلاه. وعند إعداد هذا التقرير، أعرب ما مجموعه 114 مؤسسة وشبكة إذاعية، بما فيها 11 محطة إذاعية دولية في 58 دولة من جميع مناطق العالم، عن اهتمامها بالمشاركة في المشروع الإذاعي النموذجي بإتاحة فترات بث في مرافقها الإذاعية للنشرات الإذاعية للأمم المتحدة. ونظرا لانعدام أي التزام محدد بالمساهمة المالية، رأت الإدارة أنه من الضروري نقل مبلغ 1 760 300 دولار من ميزانيتها البرنامجية المعتمدة لفترة السنتين 2000-2001 لتنفيذ المشروع النموذجي.",,,,,,
sample,unpc-numeric-0026,numeric,accepted,,ar->en,What is the total amount of the revised budgets approved by the United Nations Representative to the International Advisory and Monitoring Council?,ما هو إجمالي الميزانيات المنقحة التي وافق عليها ممثل الأمم المتحدة للمجلس الدولي للمشورة والمراقبة؟,,,"$26,848,900",26 848 900 دولار,"4. Approves the revised budgets totalling $26,848,900 for the United Nations Representative on the International Advisory and Monitoring Board, the United Nations International Independent Investigation Commission and the United Nations Mission in Nepal presented in the report of the Secretary-General;
5. Takes note of the balance of $17,973,900 under the appropriation for these missions for the biennium 2008-2009 based on actual expenditures incurred in 2008;
6. Decides to appropriate, after taking into account the unencumbered balance of $17,973,900 for the three missions mentioned in paragraph 4 above, under the procedures provided for in paragraph 11 of annex I to resolution 41/213 of 19 December 1986, an amount of $8,875,000 under section 3, Political affairs, of the programme budget for the biennium 2008-2009;
7. Also decides to appropriate an amount of $1,663,100 under section 35, Staff assessment, to be offset by a corresponding amount under income section 1, Income from staff assessment, of the programme budget for the biennium 2008-2009;","4 - توافق على الميزانيات المنقحة البالغ إجماليها 26 848 900 دولار لممثل الأمم المتحدة للمجلس الدولي للمشورة والمراقبة، ولجنة التحقيق الدولية المستقلة، وبعثة الأمم المتحدة في نيبال المقدمة في تقرير الأمين العام(7)؛
5 - تحيط علما بالرصيد البالغ 17 973 900 تحت بند المبالغ المعتمدة لهذه البعثات لفترة السنتين 2008-2009 على أساس النفقات الفعلية المتكبدة في 2008؛
6 - تقرر أن تعتمد، بعد مراعاة الرصيد الحر البالغ 17 973 900 دولار للبعثات الثلاث المشار إليها في الفقرة 4 أعلاه، في إطار الإجراءات المنصوص عليها في الفقرة 11 من المرفق الأول للقرار 41/213 المؤرخ 19 كانون الأول/ديسمبر 1986، مبلغ 8 875 000 دولار في إطار الباب 3، الشؤون السياسية، من الميزانية البرنامجية لفترة السنتين 2008-2009؛
7 - تقرر أيضا أن تعتمد مبلغ 1 663 100 دولار في إطار الباب 35، الاقتطاعات الإلزامية من مرتبات الموظفين، يقابله مبلغ مماثل تحت باب الإيرادات 1، الإيرادات المتأتية من الاقتطاعات الإلزامية من مرتبات الموظفين، في الميزانية البرنامجية لفترة السنتين 2008-2009؛",,,,,,
sample,unpc-numeric-0027,numeric,accepted,,en->ar,How many staff members were in the Division of Management and Administration?,كم عدد الموظفين في قسم الإدارة والإدارة؟,,,"more than 5,000 staff members",ما يزيد على ٥ ٠٠٠,"Another problem was that none of the organizational charts were officially approved by the Department of Peace-keeping Operations or UNPF, indicating a lack of organizational control. The documents made available to the audit team did not clearly indicate the functions of the units and offices within the Division of Management and Administration. The Office believes it essential that the organizational structure of any peace-keeping mission be properly reviewed and approved.
The Office also noted that the UNPF organizational structure was not developed in accordance with relevant standards and nomenclature. Inconsistencies existed in the use of organizational nomenclature. As a result, the span of control of the UNPF divisions differed extensively. For example, while the Division of Management and Administration had more than 5,000 staff members, the Division of Civil Affairs had 426 and the Division of Information had 162 staff (many positions were left vacant), all of them being headed by Directors at the D-1 or D-2 level.","٢٥ - وتمثلت مشكلة أخرى في أن إدارة عمليات حفظ السﻻم أو قوات السﻻم التابعة لﻷمم المتحدة لم تعتمد أيا من هذه الجداول التنظيمية مما يشير إلى افتقار في المراقبة التنظيمية. ولم تبين الوثائق التي أتيحت لمراجعي الحسابات بوضوح مهام الوحدات والمكاتب داخل شعبة التنظيم واﻹدارة. ويعتقد المكتب أنه من الضروري استعراض واعتماد الهيكل التنظيمي ﻷي بعثة لحفظ السلم على نحو سليم.
٢٦ - كما ﻻحظ المكتب أن الهيل التنظيمي لقوات السﻻم التابعة لﻷمم المتحدة لم يوضع طبقا للمعايير والمسميات ذات الصلة. فهناك تناقضات في استخدام المسميات التنظيمية. ونتيجة لذلك اختلف نطاق المراقبة لشُعب قوات السﻻم التابعة لﻷمم المتحدة اختﻻفا كبيرا. فعلى سبيل المثال بينما يوجد لدى شعبة التنظيم واﻹدارة ما يزيد على ٥ ٠٠٠ من الموظفين، يوجد لدى شعبة الشؤون المدنية ٤٢٦ موظفا ولدى شعبة اﻹعﻻم ١٦٢ موظفا )تركت وظائف كثيرة شاغرة(، يرأسها جميعا مديرون من الرتبة مد ١ أو مد ٢.",,,,,,
sample,unpc-numeric-0028,numeric,accepted,,ar->en,What is the amount of the financial contribution that Turkey has provided to the UNIDO Regional Cooperation Center for the current year?,ما هو مبلغ المساهمة المالية التي قدمتها تركيا لمركز اليونيدو للتعاون الإقليمي للسنة الجارية؟,,,"$200,000",200 000 دولار,"Mr. SAHINBAS (Turkey) said that his country fully supported UNIDO's decentralization policy. It believed it necessary for host countries to make cash contributions towards the costs of running field offices, and had provided the UNIDO Centre for Regional Cooperation (previously the UNIDO Office in Ankara) with $200,000 for the current year as a contribution towards its running costs. The Centre would implement technical assistance projects with a view to ensuring sustainable industrial development in the region.
As a country which supported the strengthening of UNIDO's field representation, he wished to request the Director-General to consider enhancing the work capacity of the Centre for Regional Cooperation in line with its growing potential for implementing regional projects. Since coming into operation in July 2000, the Centre had already given new momentum to the follow-up of ongoing projects, including some 15 Montreal Protocol projects, and initiated new ones with regional implications in accordance with its bilateral agreement with UNIDO.","55- السيد ساهينباس (تركيا): قال ان بلدي يؤيد سياسة اللامركزية التي تتبعها اليونيدو تأييدا تاما، ويرى أن من الضروري أن تقدم البلدان المضيفة مساهمات نقدية في تكاليف تسيير المكاتب الميدانية. وقد زودت تركيا مركز اليونيدو للتعاون الاقليمي (سابقا مكتب اليونيدو في أنقرا) بمبلغ 200 000 دولار للسنة الجارية كمساهمة في تكاليف تسييره. وسينفذ المركز مشاريع مساعدة تقنية بهدف ضمان التنمية الصناعية المستدامة في المنطقة.
56- ومضى في كلامه قائلا انه، باعتبار بلده بلدا يؤيد تعزيز التمثيل الميداني لليونيدو، يود أن يطلب من المدير العام أن ينظر في تعزيز ما لمركز التعاون الاقليمي من قدرات على العمل، بما يتماشى مع تزايد امكانية اضطلاع المركز بتنفيذ المشاريع الاقليمية. ومنذ أن بدأ المركز عمله في تموز/ يوليه 2000، أعطى بالفعل زخما جديدا لمتابعة المشاريع الجارية، بما فيها 15 مشروعا من مشاريع بروتوكول مونتريال، كما بدأ، وفقا لاتفاقه الثنائي مع اليونيدو، مشاريع جديدة ذات آثار اقليمية.",,,,,,
sample,unpc-numeric-0030,numeric,accepted,,en->ar,How many Haitian National Police agents were fully deployed by the end of February 1996?,كم عدد عملاء الشرطة الوطنية الهايتية الذين تم نشرهم بالكامل بحلول نهاية فبراير 1996؟,,,"5,300 agents",٥ ٣٠٠ فرد,"7. In accordance with this resolution, the responsibilities of MICIVIH during its extended mandate comprised the following major elements: (a) verifying full compliance by Haiti with human rights and fundamental freedoms enshrined in the Constitution of Haiti and the international treaties to which Haiti is a party; (b) providing technical assistance at the request of the Government of Haiti in the field of institution-building, such as the training of the police or the establishment of an impartial judiciary; and (c) supporting the development of a programme for the promotion and protection of human rights in order to further the establishment of a climate of freedom and tolerance propitious to the long-term consolidation of constitutional democracy in Haiti.
8. In view of the full deployment of the 5,300 agents of the Haitian National Police at the end of February 1996, and the reduction in the civilian police in the extended United Nations Mission in Haiti (UNMIH) from 900 to 300 officers, monitoring respect for human rights by state security agents re-emerged as a core activity of MICIVIH.","٧ - وبموجب هذا القرار، شملت مسؤوليات البعثة في أثناء فترة تمديد وﻻيتها العناصر الرئيسية التالية: )أ( التحقق من احترام هايتي الكامل لحقوق اﻹنسان والحريات اﻷساسية المكرسة في دستور هايتي وفي المعاهدات الدولية التي دخلت هايتي طرفا فيها؛ )ب( تقديم المساعدة التقنية، بناء على طلب حكومة هايتي، في ميدان بناء المؤسسات، مثل تدريب الشرطة أو إنشاء سلطة قضائية نزيهة؛ )ج( دعم وضع برنامج لتعزيز وحماية حقوق اﻹنسان، بغية مواصلة العمل على تهيئة مناخ من الحرية والتسامح يساعد على توطيد الديمقراطية الدستورية الطويلة اﻷمد في هايتي.
٨ - ونظرا للنشر الكامل ﻷفراد الشرطة الوطنية الهايتية البالغ عددهم ٥ ٣٠٠ فرد بنهاية شباط/فبراير ١٩٩٦ ولخفض عدد أفراد الشرطة المدنية في بعثة اﻷمم المتحدة في هايتي الممددة من ٩٠٠ إلى ٣٠٠ فرد، عاد رصد احترام موظفي أمن الدولة لحقوق اﻹنسان إلى الظهور بوصفه نشاطا رئيسيا من أنشطة البعثة المدنية الدولية في هايتي.",,,,,,
sample,unpc-numeric-0031,numeric,accepted,,ar->en,What is the total amount mentioned as unallocated balance and other revenues for the financial period ending 30 June 2005?,ما هو إجمالي المبلغ المذكور كرصيد غير مرتبط وإيرادات أخرى للفترة المالية المنتهية في 30 يونيو 2005؟,,,"31,523,100 dollars",31 523 100 دولار,"28. Further decides that, for Member States that have fulfilled their financial obligations to the Operation, there shall be set off against their apportionment, as provided for in paragraph 24 above, their respective share of the unencumbered balance and other income in the total amount of 31,523,100 dollars in respect of the financial period ended 30 June 2005, in accordance with the levels updated in its resolution 58/256, and taking into account the scale of assessments for 2005, as set out in its resolution 58/1 B;
29. Decides that, for Member States that have not fulfilled their financial obligations to the Operation, there shall be set off against their outstanding obligations their respective share of the unencumbered balance and other income in the total amount of 31,523,100 dollars in respect of the financial period ended 30 June 2005, in accordance with the scheme set out in paragraph 28 above;","28 - تقرر كذلك، بالنسبة للدول الأعضاء التي أوفت بالتزاماتها المالية تجاه العملية، أن تخصم من نصيبها في المبلغ المقسم، على النحو المنصوص عليه في الفقرة 24 أعلاه، حصة كل منها في الرصيد غير المربوط وفي الإيرادات الأخرى البالغ مجموعهما 31 523 100 دولار فيما يتعلق بالفترة المالية المنتهية في 30 حزيران/يونيه 2005، ووفقا للمستويات المستكملة في قرارها 58/256، ومع مراعاة جدول الأنصبة المقررة لعام 2005 على النحو المبين في قرارها 58/1 باء؛
29 - تقرر، بالنسبة للدول الأعضاء التي لم تف بالتزاماتها المالية تجاه العملية، أن تخصم من التزاماتها غير المسددة حصة كل منها في الرصيد غير المربوط وفي الإيرادات الأخرى البالغ مجموعهما 31 523 100 دولار فيما يتعلق بالفترة المالية المنتهية في 30 حزيران/يونيه 2005، ووفقا للخطة المبينة في الفقرة 28 أعلاه؛",,,,,,
sample,unpc-numeric-0032,numeric,accepted,,en->ar,What amount was the contingency fund set at according to the decision?,ما هو المبلغ الذي تم تحديده لصندوق الطوارئ وفقًا للقرار؟,,,"40,445,043 dollars",40 445 043 دولارا,"17. Reiterates its request contained in paragraph 15 of resolution 65/262 of 24 December 2010, and requests the Secretary-General to include a summary of initiatives aimed at improving cost-effectiveness as well as information on the resources actually or expected to be freed up by their implementation;
18. Requests the Secretary-General to include in his proposed programme budget for the biennium 2014 - 2015 proposals stemming from a comprehensive review of the staffing requirements for the Organization, to ensure that staffing reflects best practices and is appropriate to effectively implement mandates;
19. Stresses that the contingency fund should be used in strict accordance with the provisions of paragraph 9 of annex I to resolution 41/213 and paragraph 3 of section C of the annex to resolution 42/211 of 21 December 1987;
20. Decides that the contingency fund shall be set at the level of 0.75 per cent of the preliminary estimate, namely, at 40,445,043 dollars, that this amount shall be in addition to the overall level of the preliminary estimate, and that it shall be used in accordance with the procedures for the use and operation of the contingency fund.","17 - تكرر طلبها الوارد في الفقرة 15 من القرار 65/262 المؤرخ 24 كانون الأول/ديسمبر 2010، وتطلب إلى الأمين العام أن يدرج موجزا للمبادرات الرامية إلى النهوض بالفعالية من حيث التكلفة ومعلومات عن الموارد المتاحة بالفعل أو المتوقع أن تتاح بتنفيذ تلك المبادرات؛
18 - تطلب إلى الأمين العام أن يدرج في ميزانيته البرنامجية المقترحة لفترة السنتين 2014-2015 مقترحات بعد إجراء استعراض شامل لاحتياجات المنظمة من الموظفين لكفالة مراعاة أفضل الممارسات في تعيين الموظفين واختيار المؤهلين منهم للاضطلاع بالولايات على نحو فعال؛
19 - تؤكد ضرورة أن يستخدم صندوق الطوارئ بما يتفق تماما مع أحكام الفقرة 9 من المرفق الأول للقرار 41/213 والفقرة 3 من الجزء جيم من مرفق القرار 42/211 المؤرخ 21 كانون الأول/ديسمبر 1987؛
20 - تقـرر أن يحدد حجم صندوق الطوارئ بما نسبته 0.75 في المائة من التقدير الأولي، أي 40 445 043 دولارا، وأن يكون هذا المبلغ إضافة إلى المبلغ الإجمالي للتقدير الأولي وأن يستخدم وفقا لإجراءات استخدام صندوق الطوارئ وتشغيله.",,,,,,
sample,unpc-numeric-0033,numeric,accepted,,ar->en,What is the maximum amount that the financing grant can provide to eligible institutions in the financing facility for transfers in Spain?,ما هو الحد الأقصى للمبلغ الذي يمكن أن تمنحه المنحة التمويلية للمؤسسات المؤهلة في مرفق التمويل للتحويلات في إسبانيا؟,,,"US$ 250,000 per project",250 000 دولار,"The International Fund for Agricultural Development estimates that 80 to 90 per cent of such remittances are spent meeting basic needs such as food, shelter, health care and other necessities. With guidance and incentives, remittances could become a better directed and more potent source of local investment finance.
55. Establishing financial services such as savings accounts in rural communities to encourage long-term investment of remittance funds and promoting more service providers within the remittance sector so that transfer costs continue to decrease are among the options to better harness the potential of remittances for rural development.
Box 8
The creation of a financing facility for remittances in Spain
Spain's Financing Facility for Remittances (FFR-2008) is a US$ 13 million facility that aims to reduce the transaction costs of remittances, develop institutional partnerships, bank the ""unbanked"" rural population and promote innovative remittance and financial services and productive rural investment of migrant capital in the countries of origin. Through a competitive process, the Facility awards eligible institutions grant financing of up to US$ 250,000 per project. One of the key objectives of this initiative is to link remittances to financial services and products in rural areas.","ويقدر الصندوق الدولي للتنمية الزراعية أن 80 إلى 90 في المائة من هذه التحويلات يُنفق في تلبية الاحتياجات الأساسية مثل الغذاء والمأوى والرعاية الصحية وغير ذلك من الضروريات(). ومع وجود التوجيه والحوافز، يمكن أن تصبح التحويلات مصدرا أفضل توجيها وأقوى لتمويل الاستثمارات المحلية.
55 - ويعد إنشاء خدمات مالية مثل حسابات الادخار في المجتمعات المحلية الريفية لتشجيع الاستثمار الطويل الأجل لأموال التحويلات، وتشجيع المزيد من مقدمي الخدمات في قطاع التحويلات بحيث تستمر تكاليف نقل الأموال في الانخفاض، من بين الخيارات لتحسين تعبئة إمكانيات التحويلات من أجل التنمية الريفية.
الإطار 8
إنشاء مرفق تمويل للتحويلات في إسبانيا
مرفق التمويل للتحويلات في إسبانيا هو مرفق حجمه 13 مليون دولار من دولارات الولايات المتحدة يهدف إلى الحد من تكاليف معاملات التحويلات، وتنمية الشراكات بين المؤسسات، والعمل كمصرف لسكان الريف الذين لا يستطيعون الوصول إلى الخدمات المصرفية، وتشجيع خدمات التحويل والخدمات المالية المبتكرة والاستثمار الريفي الإنتاجي لرؤوس أموال المهاجرين في بلدان المنشأ. ومن خلال عملية تنافسية، يمنح المرفق المؤسسات المؤهلة منحا تمويلية تصل إلى 250 000 دولار للمشروع. ويتمثل أحد الأهداف الرئيسية لهذه المبادرة في ربط التحويلات بالخدمات المالية والمنتجات في المناطق الريفية.",,,,,,
sample,unpc-numeric-0034,numeric,accepted,,ar->en,What was the population of Belize in 2004?,ما هو عدد سكان بليز في عام 2004؟,,,"approximately 261,000",261 000,"The population of Belize was estimated to be approximately 261,000 in 2004, of which 52 per cent were living in rural areas. Thirty per cent of the economically active population were working in agriculture.
The total share of female participation in the labour force in 2004 was 24 per cent, of which 4 per cent were working in agriculture. Of the total number of people economically active in agriculture, 4 per cent were women.
Through the Telefood Campaign, which seeks to promote an increased awareness of the need and urgency to combat hunger and gender inequality, FAO has supported 9 projects in Belize that focus mainly on school gardening, vegetable production, bee-keeping, fruit cultivation and post-harvesting storage grains.
VIII. Brazil","قُدر عدد سكان بليز في عام 2004 بنحو 261 000 نسمة(1)، تعيش نسبة قدرها 52 في المائة منهم في المناطق الريفية. وتبلغ نسبة المشتغلين بالزراعة من السكان النشطين اقتصاديا 30 في المائة.
بلغت نسبة الإناث في القوى العاملة عام 2004 ما مجموعه 24 في المائة، وكانت نسبة المشتغلات منهن بالزراعة 4 في المائة. وتشكل النساء نسبة قدرها 4 في المائة من مجموع عدد السكان النشطين اقتصاديا في مجال الزراعة.
قدمت منظمة الأمم المتحدة للأغذية والزراعة، من خلال حملة تليفود، التي تسعى إلى زيادة الوعي بضرورة وإلحاحية مكافحة الجوع وانعدام المساواة بين الجنسين، الدعم اللازم لتسعة مشاريع في بليز تركز أساسا على زراعة الحدائق في المدارس وإنتاج الخضروات وتربية النحل وزراعة الفاكهة وتخزين الحبوب بعد الحصاد.
ثامنا - البرازيل",,,,,,
sample,unpc-numeric-0035,numeric,accepted,,ar->en,How many government institutions and non-governmental organizations are included in the Commission's mailing address list?,كم عدد المؤسسات الحكومية والمنظمات غير الحكومية التي تشملها قائمة العناوين البريدية للمفوضية؟,,,"over 1,200",1 200,"It is expected that these examinations will result in a larger pool of successful candidates from Member States requiring geographical improvement in OHCHR on the roster for selection against vacant, regular budget P-2 and P-3 positions.
6. In addition to advertising vacancies through the established procedures, OHCHR continues to ensure the widest possible circulation of vacancy notices, using the mailing list of over 1,200 governmental institutions, non-governmental organizations in the area of human rights, national human rights institutions and academic institutions willing to disseminate this information. OHCHR also shares the vacancy notices with its offices in the field for wider local distribution in the countries where the offices are located.
7. These ongoing efforts are yielding positive results. Thus, from 122 selection decisions for Professional posts taken by OHCHR since the introduction of the High Commissioner's procedures and framework for improving geographical diversity, 72 decisions (60 per cent) were made in favour of candidates from regions requiring improved representation in OHCHR. On the other hand, of the 50 selections from the regions that are well represented in OHCHR, 32 were in respect of internal staff who had been transferred or promoted, thus having no net impact on the geographical balance of the Office.","كما أنه من المتوقع أن تفضي هذه الامتحانات إلى إدراج مجموعة أكبر من المرشحين الناجحين من الدول الأعضاء التي تحتاج إلى تحسين التمثيل الجغرافي في المفوضية في القائمة لانتقائهم لمناصب شاغرة من الرتبتين ف-2 و ف-3 تمول من الميزانية العادية
6 - وبالإضافة إلى الإعلان عن الوظائف الشاغرة باتباع الإجراءات المعمول بها، لا تزال المفوضية تكفل تعميم إعلانات الشواغر على أوسع نطاق ممكن، باستخدامها قائمة عناوين بريدية تتضمن ما يزيد على 1 200 مؤسسة حكومية ومنظمة غير حكومية عاملة في مجال حقوق الإنسان ومؤسسات ومعاهد أكاديمية وطنية لحقوق الإنسان مستعدة لنشر هذه المعلومات. كما تشرك المفوضية مكاتبها الميدانية في تعميم هذه الإعلانات لتحقيق توزيع محلي أشمل في البلدان التي توجد فيها هذه المكاتب.
7 - وتحقق هذه الجهود المتواصلة نتائج إيجابية. وعلى هذا، فقد اتخذ 72 قراراً (60 في المائة) لصالح مرشحين من مناطق تحتاج إلى تحسين التمثيل داخل المفوضية، وذلك من أصل 122 قراراً اتخذته المفوضية لانتقاء وظائف مهنية منذ اعتماد إجراءات المفوضة السامية وإطار عملها لتحسين التنوع الجغرافي. ومن جانب آخر، من أصل الأشخاص الخمسين الذين اختيروا من مناطق ممثلة تمثيلاً جيداً في المفوضية، كان هناك 32 شخصا من الموظفين الداخليين الذين تم نقلهم أو ترقيتهم، مما لم يحدث بالتالي أي أثر صاف على التوازن الجغرافي للمفوضية.",,,,,,
sample,unpc-numeric-0036,numeric,accepted,,ar->en,What is the total tax equalization fund mentioned in the decision?,ما هو إجمالي صندوق معادلة الضرائب المذكور في القرار؟,,,"7,568,200 dollars",7 568 200 دولار,"13. Decides further that, in accordance with the provisions of its resolution 973 (X) of 15 December 1955, there shall be set off against the apportionment among Member States, as provided for in paragraph 12 above, their respective share in the Tax Equalization Fund of 7,568,200 dollars at a monthly rate of 630,683 dollars, comprising the estimated staff assessment income of 6,014,400 dollars approved for the Mission, the prorated share of 1,438,300 dollars of the estimated staff assessment income approved for the support account, and the prorated share of 115,500 dollars of the estimated staff assessment income approved for the United Nations Logistics Base;",13 - تقرر كذلك أن تخصم، وفقا لأحكام قرارها 973 (د-10) المؤرخ 15 كانون الأول/ديسمبر 1955، من المبلغ المقسم فيما بين الدول الأعضاء، على النحو المنصوص عليه في الفقرة 12 أعلاه، حصة كل منها في صندوق معادلة الضرائب البالغة 7 568 200 دولار، بمعدل شهري قدره 630 683 دولارا، وتشمل الإيرادات الآتية من الاقتطاعات الإلزامية من مرتبات الموظفين والمقدرة بمبلغ 6 014 400 دولار الموافق عليها للبعثة، والحصة التناســبية بمبلغ 1 438 300 دولار من الإيرادات التقديرية الآتية من الاقتطاعات الإلزامية من مرتبات الموظـــفين المــوافق عليها لحســاب الدعم، والحصــة التناســبية بمبلغ 115 500 دولار من الإيرادات التقديرية الآتية من الاقتطاعات الإلزامية من مرتبات الموظفين الموافق عليها لقاعدة الأمم المتحدة للنقل والإمداد في برينديزي؛,,,,,,
sample,unpc-numeric-0038,numeric,accepted,,ar->en,How many civilians crossed the border into Rwanda?,كم عدد المدنيين الذين عبروا الحدود إلى رواندا؟,,,"about 5,000",5 000,"5. Following an attack by M23 on FARDC positions on 25 October, fighting resumed in the Kibumba area, Nyiragongo territory, North Kivu Province. As a result, about 5,000 civilians crossed into Rwanda. On the same day, the Rwandan authorities reported that grenades fired from eastern Democratic Republic of the Congo had landed in their territory. On 27 October, a Tanzanian peacekeeper serving under MONUSCO was killed in an ambush by M23 combatants. This happened while MONUSCO was assisting FARDC in protecting civilians in Kiwanja, Rutshuru territory, North Kivu Province. I issued a statement strongly condemning the attack on MONUSCO and the killing of the peacekeeper.
6. In a state of the nation address on 23 October, President Kabila urged all negative forces operating in eastern Democratic Republic of the Congo to disarm and disband immediately. Meanwhile, FARDC continued its military operations against M23, with the support of the MONUSCO Force Intervention Brigade. In unprecedented military advances from 27 October to 5 November, FARDC gradually regained control over areas previously held by M23 in North Kivu Province.","5 - وعقب هجوم شنته الحركة في 25 تشرين الأول/أكتوبر على مواقع القوات المسلحة، استؤنف القتال في منطقة كيبومبا، في إقليم نييراغونغو، بمقاطعة كيفو الشمالية. ونتيجة لذلك، قام حوالي 5 000 مدني بعبور الحدود إلى رواندا. وفي اليوم نفسه، أفادت السلطات الرواندية بسقوط قنابل يدوية في أراضيها كانت قد أطلقت من شرق جمهورية الكونغو الديمقراطية. وفي 27 تشرين الأول/أكتوبر، قتل مواطن تنزاني من أفراد حفظ السلام العاملين في البعثة في كمين نصبه مقاتلو الحركة. وقد حدث ذلك في الوقت الذي كانت فيه البعثة تساعد القوات المسلحة في حماية المدنيين في منطقة كيوانجا، في إقليم روتشورو، بمقاطعة كيفو الشمالية. وقد أصدرت بيانا أدانت فيه بشدة الهجوم الذي تعرضت له البعثة ومقتل فرد حفظ السلام.
6 - وفي خطاب بشأن حالة الأمة أدلى به الرئيس كابيلا في 23 تشرين الأول/أكتوبر، حث الرئيس جميع القوى السلبية التي تعمل في شرق جمهورية الكونغو الديمقراطية على نزع سلاحها وتسريح قواتها على الفور. وفي تلك الأثناء، واصلت القوات المسلحة عملياتها العسكرية ضد الحركة، بدعم من لواء التدخل التابع لقوة البعثة. وفي إطار إنجازات عسكرية غير مسبوقة تمت في الفترة من 27 تشرين الأول/أكتوبر إلى 5 تشرين الثاني/نوفمبر، استعادت القوات المسلحة السيطرة تدريجيا على مناطق كانت تقع من قبل تحت سيطرة الحركة في مقاطعة كيفو الشمالية.",,,,,,
sample,unpc-numeric-0040,numeric,accepted,,ar->en,What is the current amount of funding allocated for non‑governmental organization projects in euros?,ما هو مقدار التمويل الحالي المخصص لمشاريع المنظمات غير الحكومية باليورو؟,,,"about 20,000 euros",20 000 يورو,"28. In response to the question relating to local coordinators, she said that the Equal Opportunities for Women and Men Act provided for the appointment of local Advocates, but there was no requirement for each community to have one. The fact that the number of local Advocates had increased from 5 to 10 could be attributed to the organization of a series of awareness-raising events on gender equality targeting local administration officials, NGOs and employers, among others. Although the process had been slow, efforts would continue until each municipality had its own Advocate.
29. Turning to the topic of NGO cooperation and funding, she agreed that the level of resources available was relatively low, although it had actually increased over the previous two years. Current funding earmarked for NGO projects, about 20,000 euros, represented approximately 5 per cent of the budget of the Office. During the preparation of the periodic report, NGOs had been invited to submit proposals, but the reason for their lack of response was unknown. Nevertheless, the Office for Equal Opportunities had enjoyed fruitful cooperation with NGOs in a number of past ventures.","28 - وردت على السؤال المتعلق بالمنسقين المحليين، فقالت إن قانون تكافؤ الفرص بين المرأة والرجل ينص على تعيين محامين محليين، إلا أنه لا يقضي بوجود محام لكل مجتمع محلي. ويمكن أن تُعزى زيادة عدد المحامين المحليين من 5 إلى 10 محامين إلى تنظيم سلسلة من مناسبات التوعية بشأن المساواة بين الجنسين تستهدف موظفي الإدارة المحلية والمنظمات غير الحكومية وأصحاب العمل وغيرهم. وبالرغم من بطء العملية فسيستمر بذل الجهود إلى أن يكون لكل بلدية المحامي الخاص بها.
29 - وانتقلت إلى موضوع تعاون وتمويل المنظمات غير الحكومية، فوافقت على أن مستوى الموارد المتاحة منخفض نسبيا، رغم زيادته الفعلية طيلة السنتين الماضيتين. والتمويل الحالي المخصص لمشاريع المنظمات غير الحكومية، وهو حوالي 20 000 يورو، يمثل 5 في المائة تقريبا من ميزانية المكتب. وجرت دعوة المنظمات غير الحكومية أثناء تحضير التقرير الدوري إلى التقدم باقتراحات، إلا أن سبب عدم استجابتها غير معروف. ومع ذلك تمتع مكتب تكافؤ الفرص بتعاون مثمر مع المنظمات غير الحكومية في عدد من المشاريع السابقة.",,,,,,
sample,unpc-single-0001,single,accepted,,en->ar,What is the number of the United Nations resolution cited as the framework for humanitarian assistance?,ما هو رقم قرار الأمم المتحدة المذكور كإطار للمساعدة الإنسانية؟,,,46/182,46/182,"Moreover, efforts to reduce disaster risks must be integrated into programmes for sustainable development, with a view to reducing poverty and achieving the Millennium Development Goals.
The massive losses of life and property caused by natural disasters in developing countries make clear the need to support their capacity-building efforts through international cooperation. In that regard, strengthened coordination among United Nations agencies and Governments would help to ensure a more efficient response to disasters, without duplication of efforts.
The Group of 77 and China reiterates its commitment to the guiding principles set forth in the annex to resolution 46/182, of 19 December 1991, as the framework for the provision of United Nations humanitarian assistance. Those principles, which include neutrality, humanity, impartiality and independence, should remain the basis for all responses to humanitarian emergencies. We also emphasize the primary role of the affected State in the initiation, coordination and implementation of humanitarian assistance.","وفضلا عن ذلك، يجب إدماج الجهود الرامية إلى تقليل مخاطر الكوارث في برامج التنمية المستدامة بهدف الحد من الفقر وبلوغ الأهداف الإنمائية للألفية.
والخسائر الهائلة في الأرواح والممتلكات التي تسببها الكوارث الطبيعية في البلدان النامية تبين الحاجة إلى دعم جهودها لبناء القدرات من خلال التعاون الدولي. وفي هذا الصدد، من شأن تعزيز التنسيق بين هيئات الأمم المتحدة والحكومات المساعدة على كفالة التصدي للكوارث بفعالية أكبر وتفادي ازدواجية الجهود.
وتعيد مجموعة الـ 77 والصين التأكيد على التزامها بالمبادئ التوجيهية المنصوص عليها في مرفق القرار 46/182، المؤرخ 19 كانون الأول/ديسمبر 1991، باعتبارها الإطار لتقديم المساعدة الإنسانية التي توفرها الأمم المتحدة. وتلك المبادئ، التي تشمل الحيادية والإنسانية والنزاهة والاستقلال، ينبغي أن تظل الأساس لجميع الاستجابات لحالات الطوارئ الإنسانية. ونشدد أيضا على الدور الأساسي للدولة المتضررة في بدء المساعدة الإنسانية وتنسيقها وتنفيذها.",,,,,,
sample,unpc-single-0002,single,accepted,,ar->en,What is the annual amount allocated by the Government of Canada to achieve the objectives of its AIDS strategy?,ما هو المبلغ السنوي الذي خصصته حكومة كندا لتحقيق أهداف استراتيجيتها المتعلقة بفيروس الإيدز؟,,,CAN$ 42.2 million annually,42.2 مليون دولار كندي سنوياً,"II. Contributions from states
2. The Government of Canada reported on the Canadian Strategy on HIV/AIDS (CSHA), a national strategy based on policy directions including enhanced sustainability and integration, increased focus on those most at risk and increased public accountability. The goals of CSHA are to prevent the spread of HIV infection in Canada; find a cure; find and provide effective vaccines, drugs and therapies; ensure care, treatment and support for Canadians living with HIV/AIDS, their families, friends and caregivers; minimize the adverse impact of HIV/AIDS on individuals and communities; and minimize the impact of social and economic factors that increase individual and collective risk for HIV. The Government reported that, to achieve these objectives, it dedicates CAN$ 42.2 million annually for programmes for prevention, care, treatment and support; community development and support to NGOs; research; surveillance; legal, ethical and human rights issues; aboriginal communities; international collaboration; correctional services; and consultation, evaluation, monitoring and reporting.","ثانياً - المساهمات المقدمة من الدول
2- قدمت حكومة كندا تقريراً عن الاستراتيجية الكندية المتعلقة بفيروس الإيدز/مرض الإيدز، وهي استراتيجية وطنية تستند إلى توجيهات للسياسة العامة تتضمن تعزيز الاستدامة والتكامل، وزيادة التركيز على أكثر الفئات تعرضاً للخطر، وزيادة مساءلة الجمهور. وتتمثل أهدافها في منع تفشي عدوى فيروس الإيدز في كندا؛ واستحداث علاج؛ وإيجاد وتوفير لقاحات وعقاقير وعلاجات فعالة؛ وضمان الرعاية والعلاج والدعم للكنديين المصابين بفيروس الإيدز/مرض الإيدز، وأسرهم، وأصدقائهم، ورعاتهم؛ وتخفيف حدة الأثر الضار لفيروس الإيدز/مرض الإيدز على الأفراد والجماعات؛ وتخفيف حدة أثر العوامل الاجتماعية والاقتصادية التي تؤدي إلى زيادة المخاطر الفردية والجماعية لفيروس الإيدز. وجاء في تقرير الحكومة أنها خصصت لبلوغ هذه الأهداف، مبلغاً قدره 42.2 مليون دولار كندي سنوياً لبرامج الوقاية والرعاية والعلاج والدعم؛ والتنمية المجتمعية وتقديم الدعم إلى المنظمات غير الحكومية؛ وإجراء البحوث؛ والمراقبة؛ والقضايا القانونية والأخلاقية والقضايا المتعلقة بحقوق الإنسان؛ وجماعات السكان الأصليين؛ والتعاون الدولي؛ والخدمات الإصلاحية؛ والمشاورة والتقييم والرصد والإبلاغ.",,,,,,
sample,unpc-single-0003,single,accepted,,en->ar,When was Elizardo Sánchez Santa Cruz refused a permit to visit Canada?,متى تم رفض تصريح إليزاردو سانشيز سانتا كروز لزيارة كندا؟,,,the spring of 1995,ربيع عام ١٩٩٥,"(b) Elizardo Sánchez Santa Cruz, of the Commission on Human Rights and National Reconciliation, was refused a permit to visit Canada in the spring of 1995;
(c) Mercedes Pupo Robert and Ariel García Pupo were refused an exit permit although they held visas to enter Canada, where Ariel García Rivero, the husband of the former and the father of the latter, lives; he works in the merchant navy and was granted asylum in Canada in 1993;
(d) Hilda Molina Morejón, who resigned from her post as a member of the board of the Centro Internaciónal de Restauración Neurologica for ideological reasons in 1994, and her mother, Hilda Morejón Serantes, were refused a permit to leave the country temporarily to visit relatives in Argentina;",")ب( إيليساردو سانشيس سانتا كروس، من لجنة حقوق اﻹنسان والمصالحة الوطنية، منع من الحصول على إذن لزيارة كندا في ربيع عام ١٩٩٥؛
)ج( مرسيديس بوبو روبرت وأرييل غارسيا بوبو، حرما من الحصول على إذن بالخروج من البلد على الرغم من حصولهما على تأشيرة للدخول إلى كندا، حيث يقيم أرييل غارسيا ريفيرو، زوج اﻻولى ووالد الثاني، ويعمل في البحرية التجارية، وكان قد حصل على حق اللجوء إلى هذا البلد في عام ١٩٩٣؛
)د( هيلدا مولينا موريخون، التي تنازلت في عام ١٩٩٤، ﻷسباب عقائدية، عن وظيفتها في إدارة المركز الدولي للعﻻج العصبي، ووالدتها هيلدا موريخون سيرانتس، رفض طلبهما الحصول على إذن بالخروج مؤقتا من البلد لزيارة أسرتهما المقيمة في اﻷرجنتين؛",,,,,,
sample,unpc-single-0005,single,accepted,,en->ar,Which office must assist the Peacebuilding Commission to address lack of coherence and fragmentation of United Nations capacities?,أي مكتب يجب أن يساعد لجنة بناء السلام في معالجة نقص التناسق وتجزئة قدرات الأمم المتحدة؟,,,Peacebuilding Support Office,مكتب دعم بناء السلام,"There is also a need for a more systematic approach to partnerships with regional organizations and other expert networks to draw more effectively on the best expertise available.
The role of the Peacebuilding Support Office
13. The Peacebuilding Support Office must assist the Peacebuilding Commission to address this lack of coherence and fragmentation of United Nations capacities, as well as provide the Commission with analytical and technical support to undertake its advisory role and make informed decisions with regard to the development and implementation of integrated peace strategies for countries emerging from conflict.
14. Depending on the country context, post-conflict peacebuilding requires a combination of coordinated and coherent political, peacekeeping, development, humanitarian and human rights activities, which together foster and support sustainable structures, institutions and processes to strengthen coexistence and decrease the likelihood of the reoccurrence of armed conflict. The main challenges include empowering national actors to manage political transition and national constituting processes. This includes support for national dialogue, constitution making, transitional justice and the reform of the security forces and the justice system. It also includes the return, resettlement and reintegration of displaced refugee populations and, more critically, ex-combatants.","وثمة أيضا حاجة إلى إيجاد نهج يتسم بمزيد من المنهجية لإقامة شراكات مع المنظمات الإقليمية والشبكات المختصة الأخرى للاستفادة بمزيد من الفعالية من أفضل الخبرات المتاحة.
دور مكتب دعم بناء السلام
13 - يجب على مكتب دعم بناء السلام أن يساعد لجنة بناء السلام على معالجة عدم اتساق قدرات الأمم المتحدة وتشتتها، وكذلك تزويد اللجنة بدعم تحليلي وفني للقيام بدورها الاستشاري واتخاذ قرارات مستنيرة بشأن وضع وتنفيذ استراتيجيات متكاملة للسلام في البلدان الخارجة من الصراعات.
14 - وبحسب ظروف كل بلد، يقتضي بناء السلام في مرحلة ما بعد انتهاء الصراع، مزيجا من الأنشطة المنسقة والمترابطة في مجالات السياسة وحفظ السلام والتنمية والمساعدة الإنسانية وحقوق الإنسان، التي تساعد مجتمعة على إيجاد ودعم بنى ومؤسسات وعمليات مستدامة لتعزيز التعايش والتقليل من احتمالات نشوب صراعات مسلحة من جديد. وتشمل التحديات الرئيسية تمكين الأطراف الفاعلة الوطنية من إدارة العملية الانتقالية السياسية والأجهزة التأسيسية الوطنية. ويشمل ذلك دعم الحوار الوطني وصياغة الدستور والعدالة الانتقالية وإصلاح قوات الأمن والنظام القضائي. كما يشمل عودة اللاجئين المشردين، والأهم من ذلك المقاتلين السابقين، وإعادة توطينهم وإعادة إدماجهم في المجتمع.",,,,,,
sample,unpc-single-0006,single,accepted,,en->ar,Which session of the Conference of the Parties made the request to the Working Group on International Cooperation?,أي جلسة من مؤتمر الأطراف قدمت الطلب إلى مجموعة العمل للتعاون الدولي؟,,,its fifth session,دورته الخامسة,"4. Also welcomes the request made by the Conference of the Parties to the United Nations Convention against Transnational Organized Crime at its fifth session to its Working Group on International Cooperation and its Openended Interim Working Group of Government Experts on Technical Assistance to examine the relevant recommendations and outcomes of the meetings of the expert group and to make recommendations for consideration by the Conference of the Parties in order to promote the practical application of the Convention, by considering the extent and adequacy of existing norms, as well as other normative developments, with due attention to aspects of criminalization and international cooperation, including mutual legal assistance and extradition, in this regard;
5. Urges Member States and relevant institutions, as appropriate, to reinforce and fully implement mechanisms to strengthen international cooperation, including mutual legal assistance, in order to combat all forms and aspects of trafficking in cultural property and related offences, such as the theft, looting, damage, removal, pillage and destruction of cultural property, and to facilitate the recovery and return of stolen cultural property, and requests the Conference of the Parties to the United Nations Convention against Transnational Organized Crime and the Commission on Crime Prevention and Criminal Justice to continue their efforts to effectively strengthen crime prevention and criminal justice responses to protect cultural property, especially with regard to its trafficking, bearing in mind, in particular, paragraph 12 of Economic and Social Council resolution 2010/19;","4 - ترحب أيضا بطلب مؤتمر الأطراف في اتفاقية الأمم المتحدة لمكافحة الجريمة المنظمة عبر الوطنية في دورته الخامسة إلى فريقه العامل المعني بالتعاون الدولي وفريق الخبراء الحكوميين العامل المؤقت المفتوح باب العضوية المعني بالمساعدة التقنية التابع له دراسة التوصيات والنتائج التي تمخضت عنها اجتماعات فريق الخبراء في هذا الشأن وتقديم توصيات لينظر فيها مؤتمر الأطراف من أجل النهوض بالتطبيق العملي للاتفاقية عن طريق النظر في نطاق المعايير القائمة ومدى ملاءمتها ووضع معايير أخرى، مع إيلاء الاهتمام الواجب في هذا الصدد لجوانب التجريم والتعاون الدولي، بما في ذلك تبادل المساعدة القانونية وتسليم المجرمين؛
5 - تحث الدول الأعضاء والمؤسسات المعنية على القيام، حسب الاقتضاء، بتعزيز الآليات الخاصة بتقوية التعاون الدولي، بما في ذلك تبادل المساعدة القانونية، والعمل بها على نحو تام بغرض مكافحة الاتجار بالممتلكات الثقافية بجميع أشكاله وجوانبه والجرائم المتصلة بذلك، مثل سرقة الممتلكات الثقافية وسلبها وإتلافها وإزالتها ونهبها وتدميرها، وتيسير استرداد الممتلكات الثقافية المسروقة وإعادتها، وتطلب إلى مؤتمر الأطراف في اتفاقية الأمم المتحدة لمكافحة الجريمة المنظمة عبر الوطنية ولجنة منع الجريمة والعدالة الجنائية أن يواصلا بذل الجهود من أجل تعزيز التدابير المتخذة في مجال منع الجريمة والعدالة الجنائية لحماية الممتلكات الثقافية، وبخاصة فيما يتعلق بالاتجار بها، بصورة فعالة، آخذة في الاعتبار بصفة خاصة الفقرة 12 من قرار المجلس الاقتصادي والاجتماعي 2010/19؛",,,,,,
sample,unpc-single-0007,single,accepted,,ar->en,What is the date of the appointment of the first representative for New Caledonia at the French Embassy in New Zealand?,ما هو تاريخ تعيين أول مندوب لكاليدونيا الجديدة في السفارة الفرنسية في نيوزيلندا؟,,,April 2012,نيسان/أبريل 2012,"19. Welcomes the cooperative attitude of other States and Territories in the region towards New Caledonia, its economic and political aspirations and its increasing participation in regional and international affairs;
20. Also welcomes the appointment, in April 2012, of the first delegate for New Caledonia at the Embassy of France in New Zealand, in accordance with the convention, signed on 26 January 2012, relating to the hosting of New Caledonian delegates in the French diplomatic and consular missions in the Pacific region;
21. Further welcomes the actions taken by the administering Power to continue to transmit to the Secretary-General information as required under Article 73 e of the Charter;
22. Notes the agreement between the signatories to the Nouméa Accord that the progress made in the emancipation process shall be brought to the attention of the United Nations;
23. Decides to keep under continuous review the process unfolding in New Caledonia as a result of the signing of the Nouméa Accord;","19 - ترحب بروح التعاون التي تبديها الدول والأقاليم الأخرى في المنطقة تجاه كاليدونيا الجديدة وتجاه تطلعاتها الاقتصادية والسياسية وزيادة مشاركتها في الشؤون الإقليمية والدولية؛
20 - ترحب أيضا بتعيين أول مندوب لكاليدونيا الجديدة في السفارة الفرنسية في نيوزيلندا في نيسان/أبريل 2012 وفقا للاتفاقية المتعلقة باستضافة مندوبي كاليدونيا الجديدة في البعثات الدبلوماسية والقنصلية الفرنسية في منطقة المحيط الهادئ الموقعة في 26 كانون الثاني/يناير 2012؛
21 - ترحب كذلك بالإجراءات التي اتخذتها الدولة القائمة بالإدارة للاستمرار في إرسال المعلومات إلى الأمين العام على النحو المطلوب بمقتضى المادة 73 (هـ) من الميثاق؛
22 - تلاحظ أن موقعي اتفاق نوميا قد اتفقوا على توجيه انتباه الأمم المتحدة إلى التقدم المحرز في عملية التحرير؛
23 - تقرر أن تبقي العملية الجارية في كاليدونيا الجديدة نتيجة توقيع اتفاق نوميا قيد الاستعراض المستمر؛",,,,,,
sample,unpc-single-0008,single,accepted,,en->ar,What amount did the Committee recommend the Council and Assembly approve for the 2003‑2004 budget?,ما هو المبلغ الذي أوصت اللجنة بأن يوافق عليه المجلس والجمعية لميزانية 2003‑2004؟,,,"US$ 10,509,700",10 509 700 من دولارات الولايات المتحدة,"Conditions of service of the Secretary-General
17. The Committee recommends that a study be made on the terms of service of the Secretary-General, including pension arrangements.
Trust fund
18. The Committee noted that the establishment of a voluntary trust fund to cover the travel expenses of members of the Legal and Technical Commission coming from developing countries would be kept under review in the light of further information to be provided by the Secretary-General. That review should also apply to members of the Finance Committee coming from developing countries.
Recommendations of the Finance Committee
19. In the light of the foregoing, the Committee recommends that the Council and Assembly:
(a) Approve the budget for the financial period 2003 and 2004 in the amount of US$ 10,509,700, as proposed by the Secretary-General;
(b) Authorize the Secretary-General to establish the scale of assessments for 2003 and 2004 based on the scale used for the regular budget of the United Nations for 2002 and 2003, as adjusted by the Authority, respectively, taking into account that the maximum assessment rate for the budget of the Authority for 2003 and 2004 will be 22 per cent;","شروط خدمة الأمين العام
17 - توصي اللجنة بإجراء دراسة عن شروط خدمة الأمين العام، تشمل ترتيبات التقاعد.
الصندوق الاستئماني
18 - أشارت اللجنة إلى أن تأسيس صندوق استئماني تطوعي لتغطية نفقات سفر أعضاء اللجنة القانونية والتقنية القادمين من البلدان النامية، سيبقى قيد الاستعراض في ضوء ما قد يستجد من المعلومات التي يقدمها الأمين العام. وينبغي أن يطبق هذا الاستعراض أيضا على أعضاء اللجنة المالية القادمين من البلدان النامية.
توصيات اللجنة المالية
19 - في ضوء ما ذكر أعلاه، توصي اللجنة بأن يقوم المجلس والجمعية بالآتي:
(أ) الموافقة على الميزانية للفترة المالية 2003 و 2004 البالغ قدرها 10 509 700 من دولارات الولايات المتحدة، في صورتها المقترحة من الأمين العام؛
(ب) الإذن للأمــين العــام بوضــع جـدول للأنصبـة المقـررة لفتـرة السـنتين 2003-2004، استنادا إلى الجدول المستخدم في الميزانية العادية للأمم المتحدة لفترة السنتين 2002 و 2003، حسبما تدخله السلطة عليه من تعديلات، مع ملاحظة أن المعدل الأعلى للأنصبة المقررة المتعلقة بميزانية السلطة لفترة السنتين 2003 و 2004 سيكون بنسبة 22 في المائة؛",,,,,,
sample,unpc-single-0009,single,accepted,,ar->en,In which month did the Special Representative of the Secretary‑General send a letter to the Government of Eritrea?,في أي شهر أرسل الممثل الخاص للأمين العام رسالة إلى حكومة إريتريا؟,,,May,شهر أيار/مايو الماضي,"Unfortunately, the Secretary-General's report is almost silent on this critical issue.
The misplaced thrust of the report revolves around ""the worrisome trend"" that has been set in motion by ""restrictions and impediments"" Eritrea has clamped on UNMEE; ""the closure to UNMEE traffic -- of the main supply route to its troops in Sector West; continuing detentions -- of locally recruited United Nations staff; and a recent spate of public statements by senior Eritrean officials attacking the peacekeeping operation"".
Certainly, there have been misunderstandings between the Government of Eritrea and UNMEE on some of the operational rules that govern UNMEE activities in the country. But, in spite of these differences, the Government of Eritrea has always seen, and continues to see, UNMEE as invited guests entrusted with the noble task of promoting peace. In this spirit, it has and continues to accord them its hospitality and utmost cooperation. The Government of Eritrea has, at the same time, tried to clarify its position repeatedly on the key issues of disagreement. Although the report does not make any reference to it, the Government of Eritrea has indeed responded to the letter of the Special Representative of the Secretary-General last May, the main contents of which are reproduced below.","ومما يؤسف له أن تقرير الأمين العام يكاد يخلو من أي إشارة على الإطلاق إلى هذه المسألة الفائقة الأهمية.
ويتمحور زخم التقرير الذي يوضع في موضعه غير الصحيح حول ""الاتجاه الذي يبعث على القلق"" الناجم عن ""القيود والعقبات"" التي فرضتها إريتريا على البعثة؛ و ""منع البعثة من سلوك الطريق الرئيسي الذي تستخدمه لإرسال إمدادات إلى جنودها في القطاع الغربي؛ واستمرار احتجاز السلطات لموظفي الأمم المتحدة المعينين محليا؛ وموجة البيانات العامة التي أدلى بها مؤخرا بعض كبار الموظفين الإريتريين وهاجموا فيها عملية حفظ السلام"".
ومما لاشك فيه أنه حدثت حالات سوء تفاهم بين حكومة إريتريا والبعثة بشأن بعض القواعد المتعلقة بالعمليات التي تحكم أنشطة البعثة في البلد. لكن حكومة إريتريا، على الرغم من هذه الخلافات، اعتبرت دوما وما زالت تعتبر أن البعثة ضيف يلبي دعوة أُسندت إليه تتمثل في مهمة نبيلة هي تعزيز السلام. وانطلاقا من هذه الروح، ما برحت تحسن ضيافتها وتقدم للبعثة أقصى درجات التعاون. وفي الوقت نفسه، حاولت حكومة إريتريا إيضاح موقفها مرارا وتكرارا من مسائل الاختلاف الرئيسية. وقد ردت حكومة إريتريا بالفعل على الرسالة التي بعث بها الممثل الخاص للأمين العام في شهر أيار/مايو الماضي، والتي نعيد نشر الأجزاء الرئيسية من محتواها أدناه، مع أن التقرير لا يأتي البتة على ذكر هذا الموضوع.",,,,,,
sample,unpc-single-0010,single,accepted,smoke #10: 'the meeting' without saying which (not caught by the filter),ar->en,How many topics were discussed at the meeting?,كم عدد المواضيع التي تم مناقشتها في الاجتماع؟,,,Five,خمسة,"16. Five themes were discussed during the meeting:
:: Policies and practices for securing and improving access to land and promoting agrarian reform
:: Building local capacities to improve access to land, water, agricultural inputs and agrarian services so as to promote rural development and a sustainable management of natural resources
:: New opportunities to strengthen rural producers and communities
:: Agrarian reform, social justice and sustainable development
:: Food sovereignty and access to resources
17. For each theme, an issue paper was prepared and discussed through a participatory process of consultations, including electronic conferences. The issue papers were presented at the four-day Conference, during which representatives from Governments and civil society organizations worked at group thematic sessions to identify jointly the main topics for inclusion in the plan of action.","16 - ونوقشت خلال الاجتماع خمسة مواضيع على النحو التالي:
:: السياسات والممارسات الرامية إلى تأمين وتحسين فرص الحصول على الأراضي، وتعزيز الإصلاح الزراعي
:: بناء القدرات المحلية من أجل تحسين إمكانية الحصول على الأراضي والمياه والمدخلات الزراعية والخدمات الزراعية من أجل تعزيز التنمية الريفية والإدارة المستدامة للموارد الطبيعية
:: تهيئة الفرص الجديدة لدعم المنتجين والمجتمعات الريفية
:: الإصلاح الزراعي والعدالة الاجتماعية والتنمية المستدامة
:: السيادة الغذائية وإمكانية الحصول على الموارد.
17 - وأُعدت لكل موضوع ورقة بحث تتناول المسألة ذات الصلة تمت مناقشتها من خلال عملية مشاورات قائمة على المشاركة بما في ذلك مؤتمرات إلكترونية. وقدمت ورقات البحث في المؤتمر الذي دام أربعة أيام، حيث عمل ممثلون عن الحكومات ومنظمات المجتمع المدني في جلسات مواضيعية جماعية من أجل القيام بشكل مشترك بتحديد المواضيع الرئيسية لإدراجها في خطة العمل.",,,,,,
sample,unpc-single-0011,single,accepted,,en->ar,Who agreed with Sir Nigel Rodley's proposal to issue press releases on concluding observations?,من وافق على اقتراح السير نايجل رودلي بإصدار بيانات صحفية حول الملاحظات الختامية؟,,,Ms. MOTOC,السيدة موتوك,"Ms. MOTOC agreed with Sir Nigel Rodley's proposal that the Committee should issue press releases on concluding observations, since that would increase the impact of the Committee's work. She also supported the proposal that country rapporteurs should attend press conferences, and added that other Committee members should be present. The public profile of the Committee's work was regrettably low; many people in States parties were unaware that they could address the Committee directly. Radio was a more important medium than the Internet in many African countries.
Mr. JOHNSON said that it was important to raise the profile of the Committee in both States parties and non-States parties. The Committee should call on DPI for assistance in that endeavour. It would be useful to have an updated document containing more practical suggestions of ways of improving the quality and effectiveness of the Committee's relations with the media after the current debate.","8- السيدة موتوك أعربت عن موافقتها على اقتراح السير نايجل رودلي الداعي إلى أن تصدر اللجنة نشرات صحفية بشأن الملاحظات الختامية لأن من شأن هذا أن يزيد من تأثير أعمال اللجنة. وأبدت تأييدها أيضاً للاقتراح الداعي إلى أن يحضر المقررون القطريون المؤتمرات الصحفية، وأضافت أنه ينبغي أن يحضرها أعضاء اللجنة الآخرون. ومما يؤسف له أن المكانة العامة لأعمال اللجنة منخفضة؛ فالكثيرون في الدول الأطراف لا يعرفون أنهم يستطيعون مخاطبة اللجنة مباشرة. والإذاعة واسطة أهم من شبكة الإنترنت في كثير من البلدان الأفريقية.
9- السيد جونسون قال إن من المهم إبراز مكانة اللجنة في كل من الدول الأطراف والدول غير الأطراف. وينبغي أن تطلب اللجنة من إدارة شؤون الإعلام المساعدة في هذا المسعى. وسيكون من المفيد أن تتوافر وثيقة مستكملة تحتوي على مزيد من الاقتراحات العملية بخصوص سبل تحسين جودة وفعالية علاقات اللجنة مع وسائط الإعلام بعد المناقشة الحالية.",,,,,,
sample,unpc-single-0013,single,accepted,,en->ar,In what year did the Commission on Human Rights establish a working group to review the draft declaration?,في أي سنة أسست لجنة حقوق الإنسان مجموعة عمل لمراجعة مسودة الإعلان؟,,,1995,1995,"23. The adoption of a declaration on the rights of indigenous peoples was identified by the General Assembly as an objective of the Decade. In 1995, the Commission on Human Rights established a working group with the task of reviewing the draft proposed by the Subcommission. As at May 2004, two of the 45 articles of the draft declaration have been adopted at first reading and, in view of the slow progress, the Commission, at its 2004 session, recommended that additional meetings be held. In 2003, the High Commissioner for Human Rights, the Chairperson of the Permanent Forum on Indigenous Issues, the Chairperson of the Working Group on Indigenous Populations and the Special Rapporteur on indigenous peoples wrote to the Chairperson of the Working Group of the Commission to stress the urgency of moving the declaration forward. It is now considered unlikely that the draft declaration will be adopted by the General Assembly before the end of the Decade.",23 - وذكرت الجمعية العامة أن اعتماد إعلان بشأن حقوق الشعوب الأصلية يمثل هدفا من أهداف العقد. وشكلت لجنة حقوق الإنسان فريقا عاملا في عام 1995 لتولي مهمة استعراض المشروع المقترح من قبل اللجنة الفرعية. واعتبارا من أيار/مايو 2004، كانت قد اعتُمدت، من القراءة الأولى، مادتان من 45 مادة متضمنة في مشروع الإعلان، وإزاء هذا التقدم البطيء، أوصت اللجنة في دورتها لعام 2004 بعقد اجتماعات إضافية. وفي عام 2003، قام المفوض السامي لحقوق الإنسان ورئيس المنتدى الدائم المعني بقضايا الشعوب الأصلية ورئيس الفريق العامل المعني بالسكان الأصليين والمقرر الخاص المعني بالشعوب الأصلية بالكتابة إلى رئيس الفريق العامل التابع للجنة، من أجل التشديد على مدى إلحاحية التقدم بالإعلان إلى الأمام. ومن غير المحتمل الآن أن تعتمد الجمعية العامة مشروع الإعلان قبل نهاية العقد.,,,,,,
sample,unpc-single-0014,single,accepted,,ar->en,What is the name of the network that the committee praised for establishing in the public sector in Africa?,ما هو اسم الشبكة التي أشادت اللجنة بإنشائها في القطاع العام بأفريقيا؟,,,Africa Public Sector Human Resource Managers' Network,شبكة مديري الموارد البشرية,"79. The Committee commended the creation of the Africa Public Sector Human Resource Managers' Network and urged its continued support and encourage the creation and support of other networks in the public sector.
80. The Committee agreed that developing human resources in the public sector should be a priority. One element that needs to be included is the pivotal role that the human resources of the public administration can play in national economic development.
81. The Committee raised concern about the low number of participants in the online training and suggested that the Secretariat and Committee members themselves publicize the availability of such training in their respective countries and among institutions and partners. Training could also be used to increase the awareness of the decision makers of the importance of effective governance in achieving development objectives. At the same time, a concern was raised about the quality of the online training, and it was suggested that the Secretariat consider steps to adjust or modify the online training courses with proper regard to outside suggestions.
D. Proposed programme of work and agenda for the next session","79 - وأشادت اللجنة بإنشاء شبكة مديري الموارد البشرية في القطاع العام بأفريقيا، وحثت على مواصلة تقديم الدعم لها وهي تُشجع على إنشاء شبكات أخرى في القطاع العام وتقديم الدعم لها.
80 - واتفقت اللجنة على ضرورة إيلاء أولوية لمسألة تنمية الموارد البشرية في القطاع العام. ومن العناصر التي يتعيّن الانتباه إليها الدور المحوري الذي يمكن للموارد البشرية في أجهزة الإدارة العامة أن تضطلع به في مجال التنمية الاقتصادية الوطنية.
81 - وأعربت اللجنة عن قلقها إزاء انخفاض عدد المشاركين في التدريب عبر الإنترنت واقترحت أن تقوم الأمانة العامة وأعضاء اللجنة أنفسهم بالإعلان عن توافر هذا النوع من التدريب في بلدانهم وفي محيط المؤسسات والشركاء. ويمكن أيضا استخدام التدريب لزيادة الوعي لدى صناع القرار بأهمية الحوكمة الفعالة في تحقيق أهداف التنمية. وفي الوقت نفسه، جرى الإعراب عن القلق بشأن نوعية التدريب عبر الإنترنت، واقتُرح أن تنظر الأمانة العامة في خطوات لضبط أو تعديل الدورات التدريبية التي تعقد عبر الإنترنت مع إيلاء الاعتبار الواجب للاقتراحات التي ترد من الخارج.",,,,,,
sample,unpc-single-0015,single,accepted,,en->ar,Who introduced draft resolution A/C.2/63/L.24 on behalf of the Group of 77 and China?,من قدم مسودة القرار A/C.2/63/L.24 نيابةً عن مجموعة الـ77 والصين؟,,,Ms. Greenaway (Antigua and Barbuda),السيدة غرينواي (أنتيغوا وبربودا),"Agenda item 49: Sustainable development (continued) (A/C.2/63/L.24)
Draft resolution on the oil slick on Lebanese shores
2. Ms. Greenaway (Antigua and Barbuda) introduced draft resolution A/C.2/63/L.24 on behalf of the Group of 77 and China. She pointed out a few amendments to the text. The beginning of paragraph 7 should read ""Decides to establish an Eastern Mediterranean oil spill restoration voluntary trust fund in order to provide ..."" and the words ""at the General Assembly"" should be added at the end of that paragraph. In paragraph 8, the final clause should read ""to ensure that the Eastern Mediterranean oil spill restoration voluntary trust fund has sufficient and adequate resources"".
(a) Implementation of Agenda 21, the Programme for the Further Implementation of Agenda 21 and the outcomes of the World Summit on Sustainable Development (continued) (A/C.2/63/L.27)","البند 49 من جدول الأعمال: التنمية المستدامة (تابع) (A/C.2/63/L.24)
مشروع قرار بشأن البقعة النفطية على الشواطئ اللبنانية
2 - السيدة غرينواي (أنتيغوا وبربودا): قدمت مشروع القرار A/C.2/63/L.24 باسم مجموعة الـ 77 والصين. وأشارت إلى بعض التعديلات على النص بحيث تصبح بداية الفقرة 7 كما يلي: ""تقرر إنشاء صندوق تبرعات استئماني لعلاج أضرار الانسكاب النفطي في شرق البحر الأبيض المتوسط من أجل مد ... ""، وإضافة عبارة: ""للجمعية العامة"" إلى نهاية تلك الفقرة. وفي الفقرة 8، يصبح نص الجملة الأخيرة كما يلي: ""لكفالة توافر الموارد الكافية والملائمة في صندوق التبرعات الاستئماني لعلاج أضرار الانسكاب النفطي في شرق البحر الأبيض المتوسط"".
(أ) تنفيذ جدول أعمال القرن 21 وبرنامج مواصلة تنفيذ جدول أعمال القرن 21 ونتائج مؤتمر القمة العالمي للتنمية المستدامة (تابع) (A/C.2/63/L.27)",,,,,,
sample,unpc-single-0016,single,accepted,,ar->en,What is the paragraph number that refers to the continued support of the United Nations for the transitional federal institutions?,ما هو رقم الفقرة التي تشير إلى استمرار دعم الأمم المتحدة للمؤسسات الاتحادية الانتقالية؟,,,69,69,"Our experience in peacekeeping operations throughout the world in recent decades has shown us the importance of clear mandates, adequate and sustained resources and broad political support to ensure that such missions succeed in helping to restore peace and stability in troubled lands.
69. The United Nations will continue its efforts to support the transitional federal institutions in matters relating to capacity-building, humanitarian assistance and development. Efforts will also be made to ensure the early operationalization of the Coordination and Monitoring Committee with a view to facilitating more cohesive and coordinated international support for the Transitional Federal Government.
70. I commend the United Nations programmes and agencies for their continued delivery of humanitarian assistance to Somalia, and I encourage the international community to continue to generously support humanitarian relief and development assistance efforts to help the Somali people combat the humanitarian and developmental challenges. Humanitarian access remains a serious concern. The need to improve the security of humanitarian personnel cannot be underestimated. I once again call on all Somali parties to provide free and unhindered access to all humanitarian relief efforts aimed at alleviating the suffering of vulnerable populations in Somalia. I also appeal to all parties to uphold and respect the fundamental human rights of all people everywhere in Somalia.","فقد أظهرت تجربتنا في عمليات حفظ السلام في أرجاء العالم في العقود الأخيرة أهمية وضوح المهام، وتخصيص موارد كافية ومستدامة، وتوافر دعم سياسي عريض لكفالة نجاح هذه البعثات في المساعدة على استعادة السلام والاستقرار في المناطق المضطربة.
69 - وستواصل الأمم المتحدة بذل جهودها الرامية إلى دعم المؤسسات الاتحادية الانتقالية في المسائل المتعلقة ببناء القدرات والمساعدة الإنسانية والتنمية. كما أنها ستبذل جهودا لكفالة بدء أعمال لجنة التنسيق والرصد، بهدف تيسير تقديم دعم دولي أكثر تنسيقا وتماسكا للحكومة الاتحادية الانتقالية.
70 - وأشيد هنا ببرامج ووكالات الأمم المتحدة لاستمرار تقديمها المساعدة الإنسانية إلى الصومال. وأشجع المجتمع الدولي على مواصلة دعمه السخي في مجال الإغاثة الإنسانية وجهود المساعدة الإنمائية لمساعدة الشعب الصومالي على التصدي للتحديات الإنسانية والإنمائية. إذ لا يزال وصول المساعدات الإنسانية أحد الشواغل الرئيسية. ولا يمكن التقليل من أهمية الحاجة إلى تحسين أمن العاملين في مجالس المساعدات الإنسانية. وأحث مرة أخرى جميع الأطراف الصومالية على أن توفر منفذا حرا، وبلا عراقيل، لجميع جهود الإغاثة الإنسانية الرامية إلى التخفيف من حدة معاناة السكان الضعفاء في الصومال. وأناشد أيضا جميع الأطراف أن تساند وتحترم حقوق الإنسان الأساسية لجميع سكان الصومال في كل مكان.",,,,,,
sample,unpc-single-0019,single,accepted,,en->ar,In which year will the Secretariat prepare the draft calendar of conferences and meetings for the 2014‑2015 biennium?,في أي سنة سيعد الأمانة مسودة جدول المؤتمرات والاجتماعات للعامين 2014‑2015؟,,,2013,2013,"Documentation: Letter from the Chair of the Committee on Conferences to the President of the sixty-eighth session of the General Assembly (A/68/_)
(b) Adoption of the draft biennial calendar of conferences and meetings of the United Nations for 2014 and 2015
The Secretariat will prepare a draft calendar of conferences and meetings for the biennium 2014-2015 for consideration by the Committee on Conferences at its substantive session of 2013.
The Committee will submit the draft calendar to the General Assembly at its sixty-eighth session for approval.
Documentation: Draft biennial calendar of conferences and meetings of the United Nations for 2014 and 2015 (A/AC.172/2013/L.2) (to be issued)
(c) Intersessional departures for 2013
The Secretariat will compile a list of requests for intersessional departures from the approved calendar of conferences and meetings for 2013, together with information on any action taken by the Committee.","الوثائق: رسالة موجهة من رئيس لجنة المؤتمرات إلى رئيس الدورة الثامنة والستين للجمعية العامة (_/68/A)
(ب) اعتماد مشروع جدول مؤتمرات واجتماعات الأمم المتحدة للسنتين 2014 و 2015
ستعد الأمانة العامة مشروع جدول مؤتمرات واجتماعات لفترة السنتين 2014-2015 لتنظر فيه لجنة المؤتمرات في دورتها الموضوعية لعام 2013.
وستقدم اللجنة مشروع الجدول إلى الجمعية العامة في دورتها الثامنة والستين لإقراره.
الوثائق: مشروع جدول مؤتمرات واجتماعات الأمم المتحدة لعامي 2014 و 2015 (A/AC.172/2013/L.2) (الذي سيصدر)
ستعد الأمانة العامة قائمة بطلبات الخروج في ما بين الدورات عن جدول المؤتمرات والاجتماعات الموافق عليه لعام 2013، مشفوعة بمعلومات عن أي إجراءات تتخذها اللجنة.",,,,,,
sample,unpc-single-0020,single,accepted,,ar->en,What is the number of the general comment referred to by the Committee on Human Rights?,ما هو رقم الملاحظة العامة التي تشير إليها اللجنة المعنية بحقوق الإنسان؟,,,No. 24,24,"- The Human Rights Committee;
- The Committee against Torture;
- The Committee on the Elimination of Racial Discrimination;
- The Committee on Economic, Social and Cultural Rights; and
- The Committee on the Rights of the Child.
50. The present report is not the appropriate place in which to summarize much less to comment on this document, which contains useful information. The document conveys, however, a general impression that is worthy of note: human rights treaty bodies have an attitude towards reservations that is no doubt less dogmatic than the text of General Observation No. 24 of the Human Rights Committee suggests. Indeed, it shows that the bodies reviewed are more anxious to engage in a dialogue with the States authors of the reservations to encourage them to withdraw the reservations when these appear to be abusive rather than to rule on their impermissibility. This, for example, is the practice of the Committee on the Elimination of Discrimination against Women. Annex VI of the Committee's report contains a legal opinion of the Office of Legal Affairs, the date of which is not indicated but which appears to have been overtaken by events on certain points.","- اللجنة المعنية بحقوق الإنسان،
- لجنة مناهضة التعذيب،
- لجنة القضاء على التمييز العنصري،
- لجنة الحقوق الاقتصادية والاجتماعية والثقافية،
- ولجنة حقوق الطفل.
50 - وليس هذا التقرير بالمقام الملائم لتلخيص هذا التقرير الذي يقدم معلومات قيمة، ناهيك عن التعليق عليه. غير أنه يعطي انطباعا عاما جديرا بالإشارة: فمما لا شك فيه أن لهيئات معاهدات حقوق الإنسان تجاه التحفظات موقفا أقل جزما مما يستفاد ضمنا من نص الملاحظة العامة رقم 24 للجنة المعنية بحقوق الإنسان(). ويترتب على هذه الدراسة في الواقع أن الهيئات التي تناولتها تبدو أكثر حرصا على أن تقيم حوارا مع الدول المتحفظة بغرض تشجيعها على سحب تحفظاتها عندما يبدو لها أن تلك التحفظات تعسفية، من أن تصدر حكما بشأن جوازها. وعلاوة على ذلك، فإن هذه بالذات هي ممارسة لجنة القضاء على التمييز ضد المرأة (). ويورد تقرير اللجنة المدرج في المرفق السادس فتوى لمكتب الشؤون القانونية() غير مؤرخة غير أنها تبدو فتوى متقادمة في جوانب معينة.",,,,,,
sample,unpc-single-0021,single,accepted,,en->ar,In how many countries were national training workshops on developing national strategies conducted?,في كم دولة تم عقد ورش عمل تدريبية وطنية حول تطوير الاستراتيجيات الوطنية؟,,,seven,سبعة بلدان,"Urban environmental policies and good practices, including measures to mitigate air pollution from point sources, were promoted through networks, information exchange, feasibility studies and pilot projects. National training workshops on the development of national strategies for integrating rural development and energy policies and plans were conducted in seven countries. Capacity-building in strategic planning and management of natural resources in Asia and the Pacific was implemented to raise the effectiveness of policies and the energy and water resources sectors. A public-private community partnership pilot model to the provision of energy services at the community level was successfully implemented for replication. Through the Kitakyushu Initiative Network of local governments, promising policies and programmes are replicated to promote integrated and participatory approaches for the improvement of urban environmental quality, rationalization of energy and water use, and resource conscious solid waste management.",وجرى تشجيع السياسات الحضرية والممارسات الجيدة المراعية للبيئة، بما فيها التدابير الرامية إلى تخفيف تلوث الهواء من مصادره، من خلال إنشاء شبكات وتبادل المعلومات وإجراء دراسات الجدوى وتنفيذ مشاريع تجريبية. وقد نظمت حلقات تدريب وطنية بشأن وضع استراتيجيات وطنية لدمج التنمية الريفية والسياسات والخطط المتعلقة بالطاقة في سبعة بلدان. وجرى تنفيذ بناء القدرات في مجالي التخطيط الاستراتيجي وإدارة الموارد الطبيعية في آسيا والمحيط الهادئ لزيادة فعالية السياسات وقطاعي الطاقة وموارد المياه. وتكلل تنفيذ نموذج تجريبي لشراكة مجتمعية بين القطاعين العام والخاص من أجل توفير خدمات الطاقة على مستوى المجتمع المحلي بالنجاح ويتوقع تكراره. ويجري تكرار السياسات والبرامج الواعدة، من خلال شبكة مبادرة كيتاكيوشو للحكومات المحلية، من أجل تشجيع نهُج متكاملة وتشاركية لتحسين جودة البيئة الحضرية، وترشيد استخدام الطاقة والمياه، وإدارة النفايات الصلبة بطريقة تتسم بقلة استهلاك الموارد.,,,,,,
sample,unpc-single-0022,single,accepted,,ar->en,What is the medium-term period mentioned in the plan?,ما هي الفترة المتوسطة المذكورة في الخطة؟,,,1998 to 2001,١٩٩٨ إلى ٢٠٠١,"23. Ms. Mesdoua (Algeria) said that the drug problem was global, with no region exempt from a scourge that threatened the economic and political structures of many States. Even more dangerous was the hidden collusion among traffickers in drugs and weapons, money-launderers and terrorist groups. That was why a unified, sustained and innovative international effort was needed to avert the threat to the stability and economic development of States and to human rights. Thus, the universality of the United Nations made it the appropriate forum for coordination, and she welcomed the priority given to combating drugs, crime and terrorism in the medium-term plan for 1998 to 2001.
24. In that connection, she welcomed the fact that combating terrorism was one of the new tasks of the United Nations Centre for International Crime Prevention. However, it must be provided with the necessary financial and human resources.","٢٣ - السيدة مسدوه )الجزائر(: قالت إن المخدرات مشكلة عالمية وﻻ من منطقة مستثناة من هذه البلية التي تهدد الهياكل اﻻقتصادية والسياسية في عدد كبير من الدول. وأشارت إلى أن اﻷخطر من ذلك هو التواطؤ الخفي بين تجار المخدرات وتجار السﻻح وغاسلي اﻷموال والجماعات اﻹرهابية. وهذا هو ما يجعل القيام بمجهود دولي مبتكر وموحد ومستدام مطلوبا لتجنب الخطر الذي يتهدد استقرار الدول وتنميتها اﻻقتصادية وحقوق اﻹنسان. وعليه فإن الشمول العالمي لعضوية اﻷمم المتحدة يجعلها المنتدى المناسب للتنسيق، ورحبت باﻷولوية المعطاة لمكافحة المخدرات والجريمة واﻹرهاب في الخطة المتوسطة المدة للفترة ١٩٩٨ إلى ٢٠٠١.
٢٤ - وأعربت في هذا الصدد، عن ترحيبها بجعل مكافحة اﻹرهاب أحد المهام الجديدة لمركز اﻷمم المتحدة لمنع الجريمة الدولية. إﻻ أنها استدركت قائلة إن المركز يجب أن توفر له الموارد المالية والبشرية الﻻزمة.",,,,,,
sample,unpc-single-0025,single,accepted,,en->ar,What was identified as the most tangible benefit of international migration for countries of origin?,ما هو الفائدة الأكثر ملموسة التي تم تحديدها للهجرة الدولية بالنسبة للبلدان الأصلية؟,,,remittances,التحويلات المالية,"11. Participants emphasized that the social consequences of international migration deserved urgent attention. The integration of international migrants in receiving countries required mutual adaptation and acceptance by both the host society and the migrants themselves. It was important to combat all types of intolerance. Information campaigns about the positive contribution of international migrants to the host society and about the rights and responsibilities of international migrants were deemed useful.
12. Participants acknowledged that remittances were the most tangible benefit of international migration for countries of origin. They noted that the volume of remittances had increased markedly in recent years. While remittances benefited millions of families of migrants, participants believed that their development potential could be enhanced by appropriate measures. These encompassed increasing competition among money-transfer companies and banks to reduce transfer fees, improving the access to banking services, including credit, of migrants and their families and expanding financial literacy in countries of origin. There was consensus that remittances were private flows and should not be considered a substitute for official development assistance, direct foreign investment or debt relief. Some participants warned about the potentially negative consequences of remittances, including the culture of dependency that they might foster at both the household and national levels.","11 - وشدد المشاركون على أن الآثار الاجتماعية للهجرة الدولية تستحق اهتماماً عاجلاً. ويتطلب إدماج المهاجرين الدوليين في بلدان الاستقبال تكيفاً وقبولاً متبادلين من المجتمع المضيف والمهاجرين أنفسهم على حد السواء. ومن المهم مكافحة جميع أشكال التعصب. واعتُبر أنه من المفيد أن تنظم حملات إعلامية بشأن المساهمة الإيجابية للمهاجرين الدوليين في المجتمع المضيف وبشأن حقوق المهاجرين الدوليين ومسؤولياتهم.
12 - وأقر المشاركون بأن التحويلات المالية هي أبرز فوائد الهجرة الدولية للبلدان الأصلية. ولاحظوا أن حجم التحويلات ارتفع بشكل ملحوظ في الأعوام الأخيرة. ورغم أن التحويلات تفيد الملايين من أسر المهاجرين فإن المشاركين رأوا أن من الممكن تعزيز إمكانيات نموها بتدابير ملائمة. وتشمل هذه التدابير زيادة المنافسة بين شركات تحويل الأموال والمصارف لتخفيض رسوم التحويل، وتحسين الوصول إلى الخدمات المصرفية، بما فيها الائتمان، للمهاجرين وأسرهم، والتوسع في محو الأمية المالية في البلدان الأصلية. وكان هناك توافق في الآراء بأن التحويلات هي تدفقات خاصة ولا ينبغي اعتبارها بديلاً عن المساعدة الإنمائية الرسمية أو الاستثمار الأجنبي المباشر أو تخفيف الديون. وحذر بعض المشاركين من الآثار السلبية المحتملة للتحويلات، بما فيها ثقافة التبعية التي قد تعززها على صعيد الأسرة المعيشية والصعيد الوطني على السواء.",,,,,,
sample,unpc-single-0026,single,accepted,,ar->en,In which month and year were the primary research results used as part of a technical contribution at the International Expert Team meeting?,في أي شهر وسنة تم استخدام نتائج البحوث الأولية كجزء من مساهمة تقنية في اجتماع فريق الخبراء الدولي؟,,,January 2012,كانون الثاني/يناير 2012,"10. UNICEF, in partnership with the United Nations Entity for Gender Equality and the Empowerment of Women (UN-Women), the United Nations Population Fund (UNFPA), the Office of the Special Representative of the Secretary-General on Violence against Children, the World Health Organization (WHO) and the International Labour Organization (ILO) is undertaking focused research on violence against indigenous girls, adolescents and young women. Building on the 2006 report of the Secretary-General on violence against children, in January 2012, the initial research findings were used as part of a technical contribution to the international expert group meeting of the United Nations Permanent Forum on Indigenous Issues on the theme, ""Combating violence against indigenous women and girls: article 22 of the United Nations Declaration on the Rights of Indigenous Peoples"" and also to the eleventh session of the Permanent Forum held in May 2012. When finalized in December 2012, the study will be used as a technical contribution to the fifty-seventh session of the Commission on the Status of Women, to be held in March 2013. The overall objective of the study is to breach gaps in knowledge about the situation of indigenous girls, adolescents and young women encountering gender-based violence.","10 - وتضطلع اليونيسيف ببحوث تركز على العنف ضد الفتيات والمراهقات والشابات من الشعوب الأصلية، وذلك بالاشتراك مع هيئة الأمم المتحدة للمساواة بين الجنسين وتمكين المرأة (هيئة الأمم المتحدة للمرأة)، وصندوق الأمم المتحدة للسكان، ومكتب الممثلة الخاصة للأمين العام المعنية بالعنف ضد الأطفال، ومنظمة الصحة العالمية ومنظمة العمل الدولية. وبناء على تقرير الأمين العام بشأن العنف ضد الأطفال، لعام 2006، تم في كانون الثاني/يناير 2012 استخدام نتائج البحوث الأولية كجزء من مساهمة تقنية في اجتماع فريق الخبراء الدولي لمنتدى الأمم المتحدة الدائم المعني بقضايا الشعوب الأصلية، في إطار الموضوع المعنون ""مكافحة العنف ضد نساء وفتيات الشعوب الأصلية: المادة 22 من إعلان الأمم المتحدة المتعلق بحقوق الشعوب الأصلية""، وأيضا في الدورة الحادية عشرة للمنتدى الدائم التي عُقدت في أيار/مايو 2012. ولدى وضع الدراسة في صيغتها النهائية في كانون الأول/ ديسمبر 2012 سوف تُستخدم الدراسة كجزء من مساهمة تقنية في الدورة السابعة والخمسين للجنة وضع المرأة، المقرر عقدها في آذار/مارس 2013. ويتمثل الهدف العام من هذه الدراسة في شق ثغرات في المعرفة عن حالة الفتيات والمراهقات والشابات من الشعوب الأصلية اللائي يتعرضن للعنف الجنساني.",,,,,,
sample,unpc-single-0028,single,accepted,,en->ar,"When did the UNMIL, UNAMSIL and UNOCI force commanders begin meeting regularly?",متى بدأ قادة قوات UNMIL وUNAMSIL وUNOCI الاجتماع بانتظام؟,,,December 2003,كانون الأول/ديسمبر 2003,"B. Military operations
Current inter-mission cooperation activities
Liaison between the peacekeeping forces
14. Links have been established between the Force Headquarters of the three missions at various levels. Since December 2003, the UNMIL, UNAMSIL and UNOCI force commanders have met regularly. Issues discussed have included security developments and threats, contingency planning regarding security threats and the concept of an operational level subregional force reserve. An inter-mission secretariat has been established to coordinate the force commanders' meetings and follow-up actions. Liaison officers have also been exchanged between the force headquarters and mechanisms are in place for liaison and coordination between the peacekeeping forces deployed in adjacent sectors in the three countries. These include daily exchanges of information and cross-border inter-mission meetings between sector and unit commanders and military observers.","باء - العمليات العسكرية
أنشطة التعاون الجارية بين البعثات
الاتصال بين قوات حفظ السلام
14 - أقيمت صلات بين مقار قوات البعثات الثلاث على مختلف المستويات. وعقد قواد قوات كل من بعثة الأمم المتحدة في ليبريا، وبعثة الأمم المتحدة في سيراليون، وعملية الأمم المتحدة في كوت ديفوار اجتماعات منتظمة منذ كانون الأول/ديسمبر 2003. ومن ضمن المسائل التي تناولوها بالمناقشة ما يلي: التطورات والتهديدات الأمنية، والتخطيط للطوارئ فيما يتصل بالأخطار الأمنية، ومفهوم تشكيل قوة احتياطية للقيام بعمليات على الصعيد دون الإقليمي. وشُكلت أمانة مشتركة بين البعثات لتنسيق اجتماعات قواد القوات ومتابعة الإجراءات. كما تم تبادل ضباط اتصال بين مقار القوات، وأُنشئت آليات للاتصال والتنسيق بين قوات حفظ السلام المنتشرة في قطاعات متجاورة من البلدان الثلاثة. وتشمل هذه الآليات التبادل اليومي للمعلومات واجتماعاتٍ عبر الحدود بين القواد المسؤولين عن القطاعات والوحدات وبين المراقبين العسكريين.",,,,,,
sample,unpc-single-0029,single,accepted,,ar->en,What is the year in which the first phase of the development program project related to port efficiency and trade in Somalia began?,ما هو العام الذي بدأت فيه المرحلة الأولى لمشروع البرنامج الإنمائي المتعلق بكفاءة الموانئ والتجارة بالصومال؟,,,1993,١٩٩٣,"26. Revenue derived from customs duties and tariffs from the Somali seaports of Berbera and Bosaso represents a major part of the budgetary income of the administrations in north-west and north-east Somalia. The seaports are also the primary outlet for the import and export trade for not only the Somali coastal areas but also a large hinterland stretching well into Ethiopia. The UNDP project for Ports and Trade Efficiency for Somalia (SOM/98/001), the first phase of which started in 1993, focuses on improving the efficiency of Somali ports and creating the conditions for increased diversification of trade and economic opportunities. The project has been involved in a wide variety of activities ranging from establishment of port management bodies, capacity-building of port personnel, provision of vocational training facilities to the physical rehabilitation of port infrastructure. The project is now diversifying with the addition of a component for institution and capacity-building in the area of external trade.",٢٦ - وتمثل اﻹيرادات المتحققة من الرسوم والتعريفات الجمركية المتأتية من الثغرين الصوماليين بربرا وبوساسو جزءا أساسيا من إيرادات ميزانية اﻹدارتين القائمتين في منطقتي الشمال الغربي والشمال الشرقي بالصومال. وهذان الثغران يشكﻻن أيضا المنفذ الرئيسي لتجارة الواردات والصادرات، ﻻ بالنسبة للمناطق الصومالية الساحلية فحسب، بل بالنسبة أيضا لمنطقة خلفية كبيرة تمتد مسافة طويلة داخل إثيوبيا. ويركز مشروع البرنامج اﻹنمائي المتعلق بكفاءة المواني والتجارة بالصومال (SOM/98/001)، الذي بدأت مرحلته اﻷولى في عام ١٩٩٣، على تحسين كفاءة المواني الصومالية وتهيئة أحوال تشجع على زيادة تنويع الفرص التجارية واﻻقتصادية. وشارك هذا المشروع في مجموعة كبيرة من اﻷنشطة التي تتراوح بين إنشاء هيئات ﻹدارة المواني وبناء قدرات موظفي المواني وتوفير مرافق للتدريب المهني، إلى جانب اﻹصﻻح المادي للهياكل اﻷساسية للمواني. ويقوم المشروع اﻵن بالتنويع من خﻻل إضافة عنصر يتعلق بالمؤسسات وبناء القدرات في مجال التجارة الخارجية.,,,,,,
sample,unpc-single-0031,single,accepted,,ar->en,In which year was the convening of a study session under the auspices of the United Nations proposed to provide assistance to the Palestinian people?,في أي سنة تم اقتراح عقد حلقة دراسية تحت رعاية الأمم المتحدة لتقديم المساعدة إلى الشعب الفلسطيني؟,,,2004,2004,"11. Urges the international donor community, United Nations agencies and organizations and non-governmental organizations to extend as rapidly as possible emergency economic and humanitarian assistance to the Palestinian people to counter the impact of the current crisis;
12. Stresses the need to implement the Paris Protocol on Economic Relations of 29 April 1994, fifth annex to the Israeli-Palestinian Interim Agreement on the West Bank and the Gaza Strip, signed in Washington, D.C., on 28 September 1995, in particular with regard to the full and prompt clearance of Palestinian indirect tax revenues, and welcomes the progress made in this regard;
13. Suggests the convening in 2004 of a United Nations-sponsored seminar on assistance to the Palestinian people;
14. Requests the Secretary-General to submit a report to the General Assembly at its fifty-ninth session, through the Economic and Social Council, on the implementation of the present resolution, containing:","11 - تحث الجهات المانحة الدولية ووكالات الأمم المتحدة ومؤسساتها والمنظمات غير الحكومية على أن تقدم بأسرع ما يمكن مساعدة اقتصادية وإنسانية عاجلة إلى الشعب الفلسطيني للتصدي لأثر الأزمة الحالية؛
12 - تؤكد ضرورة تنفيذ بروتوكول باريس بشأن العلاقات الاقتصادية المؤرخ 29 نيسان/أبريل 1994 والوارد في المرفق الخامس للاتفاق الإسرائيلي الفلسطيني المؤقت بشأن الضفة الغربية وقطاع غزة والموقع في واشنطن العاصمة في 28 أيلول/سبتمبر 1995()، ولا سيما فيما يتعلق بالإفراج الكامل والفوري عن إيرادات الضرائب غير المباشرة المستحقة للفلسطينيين، وترحب بالتقدم المحرز في هذا الصدد؛
13 - تقترح أن تعقد في عام 2004 حلقة دراسية تحت رعاية الأمم المتحدة بشأن تقديم المساعدة إلى الشعب الفلسطيني؛
14 - تطلب إلى الأمين العام أن يقدم إلى الجمعية العامة في دورتها التاسعة والخمسين، عن طريق المجلس الاقتصادي والاجتماعي، تقريرا عن تنفيذ هذا القرار يتضمن:",,,,,,
sample,unpc-single-0032,single,accepted,,ar->en,What is the international court mentioned in the paragraph with which the parties will cooperate?,ما هي المحكمة الدولية المذكورة في الفقرة التي ستتعاون معها الأطراف؟,,,International Tribunal for the Former Yugoslavia,المحكمة الدولية ليوغوسلافيا السابقة,"5. Recognizes that the parties shall cooperate fully with all entities involved in implementation of the peace settlement, as described in the Peace Agreement, or which are otherwise authorized by the Security Council, including the International Tribunal for the Former Yugoslavia, and that the parties have in particular authorized the multinational force referred to in paragraph 14 below to take such actions as required, including the use of necessary force, to ensure compliance with Annex 1-A of the Peace Agreement;
6. Welcomes the agreement by the Organization for Security and Cooperation in Europe (OSCE) to adopt and put in place a programme of elections for Bosnia and Herzegovina, at the request of the parties to Annex 3 of the Peace Agreement;
7. Welcomes also the parties' commitment, as specified in the Peace Agreement, to securing to all persons within their jurisdiction the highest level of internationally recognized human rights and fundamental freedoms, stresses that compliance with this commitment is of vital importance in achieving a lasting peace, and welcomes the invitation by the parties to the United Nations Commission on Human Rights, the OSCE, the United Nations High Commissioner for Human Rights and other intergovernmental or regional human rights missions or organizations to monitor closely the human rights situation in Bosnia and Herzegovina;","٥ - يسلﱢم بأن اﻷطراف سوف تتعاون تعاونا كامﻻ مع جميع الكيانات المشاركة في تنفيذ التسوية السلمية على النحو المبين في اتفاق السﻻم أو التي تخول بذلك من جانب مجلس اﻷمن، بما في ذلك المحكمة الدولية ليوغوسﻻفيا السابقة، وأن اﻷطراف قد أذنت على وجه الخصوص للقوة المتعددة الجنسيات المشار إليها في الفقرة ٤١ أدناه باتخــاذ اﻹجراءات الﻻزمة، بمـا في ذلـك استخدام القوة عند الضرورة لضمان اﻻمتثال للمرفق ١ - ألف ﻻتفاق السﻻم؛
٦ - يرحـب بموافقة منظمة اﻷمن والتعاون في أوروبا على اعتماد وتنفيذ برنامج لﻻنتخابات للبوسنة والهرسك بناء على طلب اﻷطراف في المرفق ٣ من اتفاق السﻻم؛
٧ - يرحب أيضا بالتزام اﻷطراف، على النحو المحدد في اتفاق السﻻم، بتأمين تمتﱡع جميع اﻷشخاص الخاضعين لوﻻيتها القانونية بأعلى مستوى لحقوق اﻹنسان والحريات اﻷساسية المعترف بها دوليا، ويؤكد على أن اﻻمتثال لهذا اﻻلتزام يتسم بأهمية حيوية للتوصل إلى سﻻم دائم، كما يرحـب بدعوة اﻷطراف إلى لجنة اﻷمم المتحدة لحقوق اﻹنسان، ومنظمة اﻷمن والتعاون في أوروبا، ومفوض اﻷمم المتحدة السامي لحقوق اﻹنسان، وسائر البعثات والمنظمات الحكومية الدولية أو اﻹقليمية المعنية بحقوق اﻹنسان، للقيام برصد حالة حقوق اﻹنسان عن كثب في البوسنة والهرسك؛",,,,,,
sample,unpc-single-0033,single,accepted,,en->ar,How many votes were cast in favor of draft resolution A/C.3/55/L.48/Rev.1?,كم عدد الأصوات التي صُوّيت لصالح مشروع القرار A/C.3/55/L.48/Rev.1؟,,,91,91 صوتاً,"25. Draft resolution A/C.3/55/L.48/Rev.1 was adopted by 91 votes to 44, with 15 abstentions.
26. Mr. Oda (Egypt), making a general statement after the voting, expressed regret that consensus had not been reached. He had listened very closely to the statements made in explanation of vote before the voting by the European Union, Canada and Japan; there had been no intention to deny the role played by civil society and the private sector in globalization. Rather, the draft resolution focused on questions of principle without reference to activities of any kind. He was also surprised that the delegation of Japan should feel that a draft resolution addressing the well-being of people was not a suitable subject for consideration by the Third Committee.
27. The Chairperson announced that a decision on draft resolutions A/C.3/55/L.52 and A/C.3/55/L.56/ Rev.1 would be deferred to the afternoon meeting.","25 - اعتمد مشروع القرار A/C.3/55/L.48/Rev.1 بأغلبية 91 صوتاً مقابل 44، وامتناع 15 عضواً عن التصويت.
26 - السيد عودة (مصر): أدلى ببيان عام بعد التصويت، فأبدى أسفه لعدم إمكان التوصل إلى توافق آراء. وقال إنه استمع باهتمام بالغ إلى تعليلات التصويت قبل التصويت من الاتحاد الأوروبي وكندا واليابان، وإن المسألة ليست إنكار الدور الذي يؤديه المجتمع المدني والقطاع الخاص في العولمة، فمشروع القرار هذا يركز أساساً على المبادئ التي هي مستقلة عن أي عمل. وأبدى ممثل مصر دهشته أيضاً لقول الوفد الياباني إنه ليس من اختصاص اللجنة الثالثة النظر في مشروع قرار يتحدث عن رفاهة الإنسان.
27 - الرئيسة: أعلنت أن البت في مشروعي القرارين A/C.3/55/L.52 و A/C.3/55/L.56/Rev.1 قد أرجئ إلى جلسة بعد الظهر.",,,,,,
sample,unpc-single-0034,single,accepted,,en->ar,How many gunmen kidnapped the former Palestinian Authority police officer in March?,كم عدد المسلحين الذين اختطفوا ضابط الشرطة السابق في السلطة الفلسطينية في مارس؟,,,three,ثلاثة مسلحين مقنعين,"15. Arbitrary detention, ill-treatment and torture of detainees by different branches of the de facto authorities' security forces continued to be reported. In one incident, one man was detained by approximately five security personnel of the de facto authorities and was taken to a police station where he was ill-treated. According to information collected by OHCHR, security personnel tied him to a pillar and beat him with sticks. When he was examined at the hospital blood tests showed serious problems in both kidneys.
16. Kidnapping and torture by unknown gunmen continued to be reported. In March, three masked gunmen kidnapped a former police officer of the Palestinian Authority. They interrogated him for around four hours regarding his political affiliation. He was beaten around the head with an iron chain and tortured with electric shocks, and threatened not to report his case. He suffered cuts and bruises all over and was hospitalized after being released. It was reported that the police started an investigation into the incident following a complaint lodged by the victim's family. The results of the investigation had not been released at the conclusion of the reporting period.","15- وتَواصل ورود تقارير عن حالات الاحتجاز التعسفي وإساءة معاملة المحتجزين وتعذيبهم على أيدي فروع مختلفة لقوات الأمن التابعة لسلطات الأمر الواقع. وفي أحد الحوادث، احتُجز رجل على أيدي خمسة أفراد من قوات الأمن التابعة لسلطات الأمر الواقع واقتيد إلى مخفر شرطة حيث أسيئت معاملته. وتشير معلومات جمعتها المفوضية، إلى أن أفراد الأمن قاموا بربطه إلى عمود وضربه بالعصي. وحين فُحص في المستشفى، أظهرت اختبارات الدم أنه يعاني من مشاكل خطيرة في الكِليتين().
16- وتواصل ورود تقارير بشأن التعرض للاختطاف والتعذيب على أيدي مسلحين مجهولين. ففي آذار/مارس، قام ثلاثة مسلحين مقنعين باختطاف رجل شرطة سابق في السلطة الفلسطينية. وقد استجوبوه لمدة أربع ساعات تقريباً بشأن انتمائه السياسي. وضُرب على رأسه بسلسلة من الحديد وعُذب بالصعق بالكهرباء وتلقى تهديدات تحذره من الإبلاغ عن حالته. وكان يعاني من جروح ورضوض في جميع أنحاء جسمه وأُدخل المستشفى بعد الإفراج عنه. وأُفيد بأن الشرطة باشرت تحقيقاً في هذه الحادثة بعد أن قامت أسرة الضحية بتقديم شكوى. ولم تكن نتائج التحقيق قد ظهرت عند انتهاء الفترة المشمولة بهذا التقرير().",,,,,,
sample,unpc-single-0035,single,accepted,,ar->en,In which year was the mentioned Caribbean Development Bank report issued?,في أي سنة صدر تقرير مصرف التنمية الكاريبي المذكور؟,,,1998,1998,"3. Calls upon the administering Power and the relevant regional and international organizations to continue to provide assistance for the improvement of the economic, social, educational and other conditions of the population of the Territory;
4. Calls upon the administering Power and the territorial Government to continue to cooperate to counter problems related to money laundering, smuggling of funds and other related crimes, as well as drug trafficking;
5. Welcomes the assessment by the Caribbean Development Bank in its 1998 report that the economy continued to expand with considerable output and low inflation;
6. Also welcomes the first country cooperation framework approved by the United Nations Development Programme for the period 1998-2002, which should, inter alia, assist in the development of a national integrated development plan that will put into place procedures for determining the national development priorities over ten years, with the focus of attention on health, population, education, tourism and economic and social development;","3 - تهيب بالدولة القائمة بالإدارة وبالمنظمات الإقليمية والدولية ذات الصلة أن تواصل تقديم المساعدة لتحسين أحوال سكان الإقليم الاقتصادية والاجتماعية والتعليمية وغيرها؛
4 - تهيب بالدولة القائمة بالإدارة وبحكومة الإقليم أن تواصلا التعاون للتصدي للمشاكل المتعلقة بغسل الأموال وتهريبها وما يتصل بذلك بجرائم، فضلا عن الاتجار بالمخدرات؛
5 - ترحب بالتقييم الذي أجراه مصرف التنمية الكاريبي الوارد في تقريره لعام 1998 الذي يفيد أن الاقتصاد مستمر في التوسع مع تحقيق نواتج ضخمة وتضخم منخفض؛
6 - ترحب كذلك بإطار التعاون القطري الأول الذي اعتمده برنامج الأمم المتحدة الإنمائي للفترة 1998-2002 والذي يتوقع أن يساعد، في جملة أمور، في وضع خطة وطنية متكاملة للتنمية تتضمن تنفيذ إجراءات لتحديد الأولويات الإنمائية الوطنية لمدة عشر سنوات، مع تركيز الاهتمام على الصحة والسكان والتعليم والسياحة والتنمية الاقتصادية والاجتماعية؛",,,,,,
sample,unpc-single-0036,single,accepted,,en->ar,On what date did the Special Adviser on Gender Issues and Advancement of Women address the Committee on the Elimination of Discrimination against Women?,في أي تاريخ خاطب المستشار الخاص لقضايا النوع الاجتماعي وتعزيز مكانة المرأة اللجنة المعنية بالقضاء على التمييز ضد المرأة؟,,,30 June 2008,30 حزيران/يونيه 2008,"7. The Division for the Advancement of Women and OHCHR continued to support the work of human rights treaty bodies and implementation of the major international human rights instruments, including through exchange of information and dissemination of information about the human rights treaty system. The Special Adviser on Gender Issues and Advancement of Women and the Director of the Division for the Advancement of Women addressed the Committee on the Elimination of Discrimination against Women on 30 June 2008 during the forty-first session, held in New York. The Division provided inputs to documentation prepared by OHCHR for the Committee, and in particular to reports on ways and means of expediting the work of the Committee (CEDAW/C/2008/II/4 and CEDAW/C/2008/III/4).
8. Both the Division for the Advancement of Women and OHCHR continued to update their databases and websites. The Division continued to provide information on its website about developments in the area of women's human rights, and in particular enhanced its website in relation to violence against women. OHCHR enhanced accessibility to women's rights information by redesigning a more user- friendly website.","7 - وواصلت شعبة النهوض بالمرأة ومفوضية حقوق الإنسان دعم أعمال الهيئات المنشأة بموجب معاهدات حقوق الإنسان وتنفيذ الصكوك الدولية الرئيسية لحقوق الإنسان بوسائل منها تبادل ونشر معلومات عن منظومة معاهدات حقوق الإنسان. وخاطبت كل من المستشارة الخاصة للقضايا الجنسانية والنهوض بالمرأة ومديرة شعبة النهوض بالمرأة اللجنة المعنية بالقضاء علي التمييز ضد المرأة خلال الدورة الحادية والأربعين المعقودة في نيويورك في 30 حزيران/يونيه 2008. وساهمت الشعبة في الوثائق التي أعدتها المفوضية للجنة، ولا سيما التقارير المتعلقة بسبل ووسائل التعجيل بأعمال اللجنة (CEDAW/C/2008/II/4 و CEDAW/C/2008/III/4).
8 - وواصلت الشعبة والمفوضية استكمال قاعدتـيْ بياناتهما وموقعـَـيـْـهما على الشبكة. وواصلت الشعبة تقديم معلومات على موقعها الشبكي عن التطورات في مجال حقوق الإنسان الواجبة للمرأة، ولا سيما تعزيز موقعها الشبكي فيما يتعلق بالعنف الموجه ضد المرأة. وعززت المفوضية إمكانية الحصول على المعلومات المتعلقة بحقوق المرأة عن طريق إعادة تصميم موقعها الشبكي لزيادة تيسير استخدامه.",,,,,,
sample,unpc-single-0040,single,accepted,,en->ar,When did African leaders reaffirm their commitment to boost intra-African trade at an African Union summit?,متى أعاد القادة الأفارقة تأكيد التزامهم بتعزيز التجارة داخل أفريقيا في قمة الاتحاد الأفريقي؟,,,January 2012,كانون الثاني/يناير 2012,"The report argues that for African countries to reap expected gains from intra-African trade and regional integration, they will need to place the building of productive capacities and domestic entrepreneurship at the heart of the policy agenda for boosting intra-African trade. In this context, the report recommends that Governments in Africa should promote intra-African trade in the context of developmental regionalism. In particular, it stresses the need for a shift from a process and linear approach to integration, which focuses on elimination of trade barriers, to a more development-based approach to integration, which pays as much attention to the building of productive capacities and private sector development as to the elimination of trade barriers.
A. Introduction
Intra-African trade has enormous potential to create employment, catalyse investment and foster growth in Africa. Since gaining political independence in the 1960s, African Governments have made several efforts to exploit this potential of trade for development, the most recent being the renewed political commitment by African leaders at the Summit of the African Union in January 2012 to boosting intra-African trade and to fast tracking the establishment of a continental free trade area. By most accounts, African countries have not made significant progress in boosting regional trade.","ويدفع التقرير بأن على البلدان الأفريقية أن تضع بناء الطاقات الإنتاجية وتنظيم المشاريع المحلية القائمة على روح المبادرة في صميم برنامج سياساتها العامة الرامية إلى تعزيز التجارة بين البلدان الأفريقية، إذا كانت تريد لنفسها أن تستفيد من المكاسب المتوقعة من التجارة بين البلدان الأفريقية والتكامل الإقليمي. وفي هذا السياق، يوصي التقرير بأن تتخذ حكومات البلدان الأفريقية ما يجب من إجراءات للنهوض بالتجارة بين البلدان الأفريقية في سياق العمل الإقليمي الإنمائي. ويشدد بوجه خاص على ضرورة التحول من نهج خطي إزاء التكامل، يقوم على العمليات ويركز على إزالة الحواجز التجارية، إلى نهج يرتكز بدرجة أكبر على التنمية ويولي إلى بناء القدرات الإنتاجية وتنمية القطاع الخاص نفس القدر من الاهتمام الذي يوليه إلى إزالة الحواجز التجارية.
1- للتجارة بين البلدان الأفريقية إمكانات هائلة في مجال إحداث فرص العمل وتحفيز الاستثمار ودفع عجلة النمو في أفريقيا. وقد بذلت الحكومات الأفريقية، منذ حصولها على الاستقلال السياسي في الستينات من القرن الماضي، جهوداً عدة للاستفادة من الإمكانات التي تتيحها التجارة من أجل تحقيق التنمية، وآخر هذه الجهود ما أعلنه القادة الأفارقة في مؤتمر قمة الاتحاد الأفريقي الذي عُقد في كانون الثاني/يناير 2012 من التزام سياسي متجدد بتعزيز التجارة بين البلدان الأفريقية والإسراع في إنشاء منطقة تجارة حرة في القارة. ووفق معظم الحسابات، لم تحرز البلدان الأفريقية تقدماً كبيراً في مجال النهوض بالتجارة الإقليمية.",,,,,,
sample,unpc-single-0041,single,accepted,,ar->en,What is the report number concerning information and communications technology and restoring the United Nations' capacity to work after disasters?,ما هو رقم التقرير المتعلق بتكنولوجيا المعلومات والاتصالات واستعادة قدرة الأمم المتحدة على العمل بعد الكوارث؟,,,A/63/743,A/63/743,"Sixth annual progress report of the Secretary-General on the implementation of the capital master plan (A/63/477)
Report of the Secretary-General on associated costs related to the capital master plan (A/63/582)
Related report of the Advisory Committee on Administrative and Budgetary Questions (A/63/736)
Report of the Office of Internal Oversight Services on the comprehensive audit of the capital master plan (A/63/266)
Information and communications technology, disaster recovery and business continuity for the United Nations
Report of the Secretary-General on information and communications technology, disaster recovery and business continuity for the United Nations: arrangements for the secondary data centre at Headquarters: revised estimates relating to the programme budget for the biennium 2008-2009 under section 28 D and Section 36 (A/63/743)","التقرير المرحلي السنوي السادس للأمين العام عن تنفيذ المخطط العام لتجديد مباني المقر (A/63/477)
تقرير الأمين العام عن التكاليف المرتبطة بالمخطط العام لتجديد مباني المقر (A/63/582)
تقرير الأمين العام عن تنفيذ توصيات مجلس مراجعي الحسابات الواردة في تقريريه عن الأمم المتحدة لفترة السنتين المنتهية في 31 كانون الأول/ديسمبر 2007 وعن المخطط العام لتجديد مباني المقر عن السنة المنتهية في 31 كانون الأول/ديسمبر 2007 (A/63/327)
تقرير اللجنة الاستشارية لشؤون الإدارة والميزانية ذو الصلة (A/63/736)
تقرير مكتب خدمات الرقابة الداخلية عن المراجعة الشاملة للمخطط العام لتجديد مباني المقر (A/63/266)
تكنولوجيا المعلومات والاتصالات، استعادة قدرة الأمم المتحدة على العمل بعد الكوارث وضمان استمرار العمل فيها
تقرير الأمين العام عن تكنولوجيا المعلومات والاتصالات، استعادة قدرة الأمم المتحدة على العمل بعد الكوارث وضمان استمرار العمل فيها: الترتيبات المتعلقة بالمركز الثانوي للبيانات في المقر: تقديرات منقحة متعلقة بالميزانية البرنامجية لفترة السنتين 2008-2009 في إطار البابين 28 دال و 36 (A/63/743)",,,,,,
sample,unpc-single-0042,single,accepted,,en->ar,Which country was the first to introduce legislation banning antipersonnel mines?,أي دولة كانت الأولى في إقرار تشريع يحظر الألغام المضادة للأشخاص؟,,,Belgium,بلجيكا,"With regard to the Convention on the Prohibition of the Development, Production and Stockpiling of Bacteriological (Biological) and Toxin Weapons and on their Destruction, my country hopes that the Ad Hoc Group set up to draft a verification protocol will fairly soon - if possible before the Convention's Review Conference in 2001 - conclude its work.
Belgium also aims to combat the proliferation of light weapons and small arms. In this context, Belgium calls upon States to cooperate in a constructive spirit in preparing the Conference, scheduled for 2001, on the illicit traffic in those weapons.
Let me also recall the importance which we attach to the problem of antipersonnel mines. Belgium was the first country in the world to introduce legislation banning antipersonnel mines. It actively participated in the elaboration of the Ottawa Convention and is now working on implementation of the Treaty and promoting its universality. We hope that the second meeting of States parties, to be held in Geneva in September 2000, will have a successful outcome.","وفيما يتعلق باتفاقية حظر استحداث وإنتاج وتخزين الأسلحة البكتريولوجية (البيولوجية) والتكسينية، وتدمير تلك الأسلحة، فإن بلدي يأمل في أن ينتهي الفريق العامل المخصص الذي أُنشئ لصياغة بروتوكول التحقق من الامتثال لأحكام الاتفاقية، من إنجاز عمله بسرعة معقولة، وإن أمكن قبل انعقاد مؤتمر استعراض الاتفاقية في عام 2001.
وترمي بلجيكا أيضاً إلى مكافحة انتشار الأسلحة الخفيفة والصغيرة. وفي هذا السياق، تدعو بلجيكا الدول إلى التعاون بروح بناءة في الاستعداد للمؤتمر المزمع عقده في عام 2001 بشأن الاتجار غير المشروع في هذه الأسلحة.
اسمحوا لي أن أذكر أيضاً بالأهمية التي نعلقها على مشكلة الألغام المضادة للأفراد. فقد كانت بلجيكا الدولة الأولى في العالم التي سنت تشريعاً يحظر الألغام المضادة للأفراد. فقد أسهمت بلجيكا بنشاط في صياغة اتفاقية أوتاوا وهي الآن تعمل على تنفيذ المعاهدة والترويج للانضمام العالمي إليها. ونأمل أن يكون النجاح حليف المؤتمر الثاني للدول الأطراف المزمع عقده في جنيف في شهر أيلول/سبتمبر 2000.",,,,,,
sample,unpc-single-0043,single,accepted,,en->ar,Which organization is cited as highlighting women’s earnings being reinvested into society?,أي منظمة تم الاستشهاد بها لتسليط الضوء على إعادة استثمار أرباح النساء في المجتمع؟,,,Global Entrepreneurship Monitor,مرصد الأعمال الحرة في العالم,"In the same vein, we would like to appeal to businesses, organizations and civil society to recognize the economic benefits of bringing women into the economy. Various studies by public and private bodies emphasize the profitability associated with having women on corporate boards of directors. Their presence and work enhances, for example, the prediction of consumer needs and improves corporate governance, among other benefits.
Lastly, from a social standpoint, we women plough a large part of our earnings back into society. That fact, highlighted by entities such as Global Entrepreneurship Monitor, is another of the main strategic areas that should promote women's leadership. Women's ability and propensity to redistribute wealth through investment in health, education and better nutrition benefits society as a whole and enhances the well-being of communities.","وبنفس الروح نود مناشدة الشركات والمؤسسات والمجتمع المدني أن تقرّ بالمنافع الاقتصادية التي يؤتيها رفد الاقتصاد بمواهب النساء. فثمة دراسات شتّى أجرتها هيئات من القطاعين العام والخاص تشدِّد على الربح الذي يؤتيه وجود النساء في عداد أعضاء مجالس إدارة الشركات. ومن الأمثلة على فوائد حضورهن وعملهن تعزيزُ إمكانية التنبؤ باحتياجات المستهلكين وتحسينُ إدارة الشركات.
ثم إننا نحن النساء، من الناحية الاجتماعية، نعيد قسطاً كبيراً مما نكسبه إلى المجتمع بضخه فيه من جديد. وتلكم حقيقة، سجَّلتها هيئات مثل ""مرصد الأعمال الحرة في العالم"" (Global Entrepreneurship Monitor)، تشير إلى مجال آخر من المجالات الاستراتيجية الرئيسية التي ينبغي أن يعزَّز فيها الدور القيادي الذي تضطلع به المرأة. فقدرة المرأة على إعادة توزيع الثروة من خلال الاستثمار في الصحة والتعليم وتحسين التغذية، واستعدادها لذلك، يفيدان المجتمع بأجمعه ويعزِّزان رفاه المجتمعات المحلية.",,,,,,
sample,unpc-single-0044,single,accepted,,ar->en,"What articles, if violated, constitute arbitrary deprivation of liberty according to the working group?",ما هي المواد التي إذا ارتُكبت انتهاكها يعتبر الحرمان من الحرية تعسفيًا وفقًا للفريق العامل؟,,,"articles 7, 13, 14, 18, 19, 20 and 21",المواد 7 و13 و14 و18 و19 و20 و21,"2. The Working Group regards deprivation of liberty as arbitrary in the following cases:
(a) When it is clearly impossible to invoke any legal basis justifying the deprivation of liberty (as when a person is kept in detention after the completion of his sentence or despite an amnesty law applicable to him) (category I);
(b) When the deprivation of liberty results from the exercise of the rights or freedoms guaranteed by articles 7, 13, 14, 18, 19, 20 and 21 of the Universal Declaration of Human Rights and, insofar as States parties are concerned, by articles 12, 18, 19, 21, 22, 25, 26 and 27 of the International Covenant on Civil and Political Rights (category II);
(c) When the total or partial non-observance of the international norms relating to the right to a fair trial, established in the Universal Declaration of Human Rights and in the relevant international instruments accepted by the States concerned, is of such gravity as to give the deprivation of liberty an arbitrary character (category III);","2- ويرى الفريق العامل أن الحرمان من الحرية إجراء تعسفي في الحالات التالية:
(أ) إذا اتضحت استحالة الاحتجاج بأي أساس قانوني لتبرير الحرمان من الحرية (مثل إبقاء الشخص رهن الاحتجاز بعد قضاء مدة عقوبته أو رغم صدور قانون عفو ينطبق عليه) (الفئة الأولى)؛
(ب) إذا كان الحرمان من الحرية ناجماً عن ممارسة الحقوق أو الحريات التي تضمنها المواد 7 و13 و14 و18 و19 و20 و21 من الإعلان العالمي لحقوق الإنسان، والمواد 12 و18 و19 و21 و22 و25 و26 و27 من العهد الدولي الخاص بالحقوق المدنية والسياسية في حالة الدول الأطراف في العهد (الفئة الثانية)؛
(ج) إذا كان عدم التقيد كلياً أو جزئياً بالقواعد الدولية المتصلة بالحق في محاكمة عادلة، وهي القواعد المنصوص عليها في الإعلان العالمي لحقوق الإنسان وفي الصكوك الدولية ذات الصلة التي قبلتها الدولة المعنية، من الخطورة بحيث يضفي على الحرمان من الحرية طابعاً تعسفياً (الفئة الثالثة)؛",,,,,,
sample,unpc-single-0045,single,accepted,,en->ar,Which 2004 United Nations resolution is cited concerning Lebanon's sovereignty?,أي قرار للأمم المتحدة الصادر عام 2004 يُستشهد به بشأن سيادة لبنان؟,,,resolution 1559 (2004),القرار 1559 (2004),"63. Although important progress has been made, I will continue to assign the matter of the full restoration of the sovereignty and political independence of Lebanon the highest priority in my efforts to assist the parties in the implementation of resolution 1559 (2004) in the coming months. In particular, I will focus on working with the Lebanese authorities on the complete exercise of governmental control and authority throughout all of Lebanon, unchallenged by the existence of independent and unsupervised Lebanese and non-Lebanese groups.
64. I reiterate my urgent appeal to all parties concerned to comply with all requirements of resolution 1559 (2004) without delay and to implement fully this and all other resolutions related to the restoration of the territorial integrity, full sovereignty and political independence of Lebanon, in particular resolution 1614 (2005).
65. I continue to believe that the implementation of resolution 1559 (2004) should proceed in a way that would best ensure the stability and unity of Lebanon, the Syrian Arab Republic and the wider region. In this context, I also remain committed to the implementation of all Security Council resolutions and the ultimate achievement of a just, lasting and comprehensive peace in the Middle East.","63 - ورغم أهمية التقدم المحرز، فإنني سأواصل إعطاء الأولوية القصوى لمسألة استعادة لبنان التامة لسيادته واستقلاله السياسي في إطار ما سأبذله من جهود لمساعدة الأطراف على تنفيذ القرار 1559 (2004) خلال الأشهر المقبلة. وسأركز بشكل خاص على العمل مع السلطات اللبنانية بشأن ممارسة السيطرة والسلطة الحكوميتين بشكل تام على جميع أرجاء لبنان، دونما تحد يمثله وجود جماعات مستقلة ولا تخضع لأي إشراف، لبنانية كانت أو غير لبنانية.
64 - وأعيد تأكيد ندائي العاجل إلى جميع الأطراف المعنية من أجل الامتثال لمتطلبات القرار 1559 (2004) دون إبطاء والتنفيذ التام لهذا القرار وجميع القرارات الأخرى المتصلة باستعادة السلامة الإقليمية والسيادة التامة والاستقلال السياسي للبنان، ولا سيما القرار 1614 (2005).
65 - وما زلت أعتقد أن تنفيذ القرار 1559 (2005) ينبغي أن يتم بطريقة تكفل بشكل أفضل تحقيق استقرار ووحدة لبنان والجمهورية العربية السورية والمنطقة عموما. وفي هذا السياق، فإنني أظل ملتزما أيضا بتنفيذ جميع قرارات مجلس الأمن والتوصل في نهاية المطاف إلى تحقيق سلام عادل ودائم وشامل في الشرق الأوسط.",,,,,,
sample,unpc-single-0046,single,accepted,,ar->en,What is the amount of the preliminary estimate presented by the Secretary‑General for the needs of the additional states?,ما هو مقدار التقدير المبدئي الذي قدمه الأمين العام لاحتياجات الولايات الإضافية؟,,,$17 million,١٧ مليون دوﻻر,"In addition, the Secretary-General had given a preliminary estimate of $17 million for additional mandates, as referred to in paragraph 11, and the items to which that amount related were indicated in section B of the annex.
9. At the current meeting, the Advisory Committee had received estimates for peacekeeping missions in Guatemala ($7.1 million, detailed in forthcoming document A/C.5/51/41), El Salvador ($408,000, detailed in forthcoming document A/C.5/51/42) and Afghanistan ($3.23 million, detailed in forthcoming document A/C.5/51/40). The Advisory Committee had yet to receive estimates for the International Civilian Mission to Haiti (MICIVIH). Accordingly, out of that $17 million, the Advisory Committee had received estimates totalling $10.7 million.","وفضﻻ عن ذلك، فقد قدم اﻷمين العام تقديرا مبدئيا ﻻحتياجات الوﻻيات اﻹضافية وقدره ١٧ مليون دوﻻر، على النحو المشار إليه في الفقرة ١١، كما يرد في الفرع باء من المرفق بيان بالبنود التي يتصل بها هذا المبلغ.
٩ - وأضاف قائﻻ إن اللجنة اﻻستشارية قد تلقت في جلستها الحالية تقديرات تتصل ببعثات حفظ السﻻم في غواتيماﻻ )٧,١ مليون دوﻻر، ويرد بيان تفصيلي بها في الوثيقة المقبلة A/C.5/51/41( والسلفادور )٤٠٨ ٠٠٠ دوﻻر، ويرد بيان تفصيلي بها في الوثيقة المقبلة A/C.5/51/42( وأفغانستان )٣,٢٣ مليون دوﻻر، ويرد بيان تفصيلي بها في الوثيقة المقبلة A/C.5/51/40(. ولم تتلق اللجنة اﻻستشارية حتى اﻵن التقديرات المتعلقة بالبعثة المدنية الدولية إلى هايتي. وبالتالي، فقد تلقت اللجنة اﻻستشارية، من المبلغ الذي قدره ١٧ مليون دوﻻر، تقديرات يبلغ مجموعها ١٠,٧ مﻻيين دوﻻر.",,,,,,
sample,unpc-single-0047,single,accepted,,en->ar,On what date was the 59th plenary meeting held?,في أي تاريخ عُقِد الاجتماع العام الـ59؟,,,4 December 2013,4 كانون الأول/ديسمبر 2013,"4. Recalls paragraph 13 of its resolution 64/263, and in this regard invites the Committee, in the context of its terms of reference, to continue to provide advice to the General Assembly on relevant issues relating to the effectiveness, efficiency and impact of the audit activities and other oversight functions of the Office, as it deems necessary.
59th plenary meeting
4 December 2013","4 - تشير إلى الفقرة 13 من قرارها 64/263، وتدعو اللجنة في هذا الصدد إلى أن تواصل، في إطار اختصاصاتها، تقديم المشورة إلى الجمعية العامة بشأن المسائل وثيقة الصلة بفعالية أنشطة المراجعة وغيرها من مهام الرقابة التي يضطلع بها المكتب وبكفاءة تلك الأنشطة والمهام وتأثيرها، حسبما تراه ضروريا.
الجلسة العامة 59
4 كانون الأول/ديسمبر 2013",,,,,,
sample,unpc-single-0048,single,accepted,,ar->en,What is the document number reviewed by the other State in 2011?,ما هو رقم المستند الذي استعرضته الدولة الطرف في عام 2011؟,,,A/HRC/18/8,A/HRC/18/8,"Employment
21. Does the State party intend to amend its Labour Act to include provisions to eliminate discrimination against women in employment, to prohibit sexual harassment in the work place and to enshrine the guarantee of equal pay for work of equal value in order to ensure substantive equality for women in employment? Please explain the differences in recruitment and employment practices between women and men, provide information on the vertical and horizontal occupational segregation and indicate the proportion of women working in the informal sector and agriculture.
Health
22. Please provide information on the status of the draft National Solomon Islands Reproductive Health Strategy 2011-2013, and on measures taken to implement the National Health Strategic Plan 2011-2015. Please provide information on awareness-raising measures concerning reproductive and sexual health and rights. Please indicate whether the State party has taken steps to include education on reproductive and sexual health and rights in school curricula, as accepted by the State party during its universal periodic review in 2011 (A/HRC/18/8).","العمالة
21- هل تزمع الدولة الطرف تعديل قانون العمل بحيث يشمل أحكاماً تقضي على التمييز ضد المرأة في العمالة، وتحظر التحرش الجنسي في مكان العمل وتكرس ضمان مبدأ المساواة في الأجر لقاء العمل المتساوي القيمة لكفالة المساواة الفعلية للنساء في العمالة؟ ويرجى توضيح الفوارق في ممارسات التوظيف والعمالة بين المرأة والرجل، وتقديم معلومات عن التمييز المهني العمودي والأفقي وبيان نسبة النساء العاملات في القطاع غير النظامي وفي الزراعة.
الصحة
22- يرجى تقديم معلومات عن مركز مشروع الاستراتيجية الوطنية للصحة الإنجابية في جزر سليمان للفترة 2011-2013، وعن التدابير المتخذة لتنفيذ الخطة الوطنية لاستراتيجية الصحة للفترة 2011-2015. ويرجى تقديم معلومات عن تدابير التوعية المتعلقة بالصحة والحقوق الإنجابية والجنسية. ويرجى إيضاح ما إذا كانت الدولة الطرف قد اتخذت خطوات لإدماج التثقيف بحقوق الصحة الإنجابية والجنسية في المناهج الدراسية، كما قبلت بذلك الدولة الطرف أثناء استعراضها الدوري الشامل في عام 2011 (A/HRC/18/8).",,,,,,
sample,unpc-single-0049,single,accepted,,en->ar,What was the global average cost of sending remittances in the second quarter of 2014?,ما هو متوسط التكلفة العالمية لإرسال التحويلات في الربع الثاني من عام 2014؟,,,8.1 per cent,8.1 في المائة,"29. The high costs of remittance transfer have been identified as major impediments to remittance flows. In the second quarter of 2014, the global average cost of sending remittances was at 8.1 per cent, reaching a new all-time low (figure 7). The cost of sending remittances decreased for all regions. Latin America and the Caribbean registered the largest decline of all regions, with an average of 5.6 per cent. Sub-Saharan Africa, with an average cost of 11.6 per cent, remains the region with higher remittance costs. Between 2009 and 2014, the number of remittance transfer corridors with costs below 10 per cent increased from 53 - 77 per cent. In many LDCs, costs still range from 14 - 20 per cent. Among G8 countries, the average cost of sending money from Japan, Canada, and France is above the global average, while costs in the Russian Federation, the United States of America, Italy, and the United Kingdom are below the average. Among G20 countries, South Africa remains the most costly country to send remittances from, with an average of 19.56, followed by Japan with an average of 14 per cent. The least expensive sending country, together with the Russian Federation, is Brazil (4.24), followed by the United States (5.78) and the Republic of Korea (5.99).",٢٩- وقد اعتبر ارتفاع تكلفة التحويل المالي من العقبات الرئيسية التي تعترض تدفقات التحويلات. ففي الربع الثاني من عام 2014، بلغ المتوسط العالمي لتكلفة إرسال التحويلات المالية 8.1 في المائة، وهو أدنى متوسط يسجل على الإطلاق (الشكل 7). وانخفضت تكلفة إرسال التحويلات إلى جميع المناطق. إذ سجلت أمريكا اللاتينية ومنطقة البحر الكاريبي أكبر انخفاض بين جميع المناطق، بمتوسط قدره 5.6 في المائة. ولا تزال تكلفة التحويلات في منطقة أفريقيا جنوب الصحراء هي الأعلى إذ تبلغ في المتوسط 11.6 في المائة. وبين عامي 2009 و2014، ارتفعت نسبة ممرات التحويل، التي تقل تكلفتها عن 10 في المائة، من 53 إلى 77 في المائة. ولا تزال هذه التكاليف تتراوح بين 14 و20 في المائة في العديد من أقل البلدان نمواً. وفي إطار دول مجموعة الثماني، يزيد متوسط تكلفة إرسال الأموال من اليابان وكندا وفرنسا عن المتوسط العالمي، في حين تقل هذه التكلفة عن المتوسط العالمي في كل من الاتحاد الروسي والولايات المتحدة الأمريكية وإيطاليا والمملكة المتحدة. وفي إطار بلدان مجموعة العشرين، لا تزال جنوب أفريقيا تسجل أعلى تكلفة لإرسال التحويلات المالية منها بمعدل قدره 19.56، تليها اليابان بمعدل 14 في المائة. ويسجل كل من الاتحاد الروسي والبرازيل (4.24) أقل تكلفة لإرسال التحويلات، تليهما الولايات المتحدة (5.78) وجمهورية كوريا (5.99).,,,,,,
sample,unpc-single-0050,single,accepted,,ar->en,What is the proposed model for a global drug strategy in the paragraph?,ما هو النموذج المقترح لاستراتيجية عالمية بشأن المخدرات في الفقرة؟,,,Millennium Development Goals,الأهداف الإنمائية للألفية,"The experts recommended that data from other sources, including regional situation overviews, should be used on a regular basis in similar future assessments in order to complement official data reported by Member States and related analyses. Doing so would help to verify those data in terms of trends and new developments and to provide explanations of possible data and reporting inconsistencies.
It was felt that consideration should be given to developing a future global drug strategy along the lines of the Millennium Development Goals, which had proven to be a successful catalyst for action.
The experts made clear that UNODC would have to be provided with a stronger mandate to collect regional information to complement national data in order to tackle the world drug problem successfully in the future; that included being equipped with better tools, working more independently from Governments and working in synergy with existing regional monitoring systems.","68- وأوصى الخبراء بأن تستخدم بانتظام البيانات الواردة من مصادر أخرى، بما في ذلك الاستعراضات العامة للوضع الإقليمي، في التقييمات المقبلة لتكميل البيانات الرسمية التي تقدمها الدول الأعضاء، والتحاليل المتصلة بها. ومن شأن هذا أن يساعد أيضا على التحقق من تلك البيانات من حيث الاتجاهات والتطورات الجديدة، علاوة على تفسير ما قد يظهر من تناقضات بين البيانات والتقارير.
69- ورُئي أنه ينبغي النظر في وضع استراتيجية عالمية في المستقبل بشأن المخدرات على غرار الأهداف الإنمائية للألفية التي برهنت على كونها حافزا ناجحا على العمل.
70- وأوضح الخبراء أن المكتب ينبغي أن يناط بولاية أقوى لجمع المعلومات على مستوى إقليمي لتكميل البيانات الوطنية بغية معالجة مشكلة المخدرات العالمية معالجة ناجحة في المستقبل؛ وذلك يشمل تجهيزه بأدوات أفضل؛ وأن يعمل بصورة أكثر استقلالية عن الحكومات وبالتآزر مع نظم الرصد الإقليمية القائمة.",,,,,,
sample,unpc-single-0051,single,accepted,,en->ar,When is the yearly renewal of the fast‑track procedures scheduled?,متى من المقرر تجديد الإجراءات السريعة السنوي؟,,,the end of January 2007,نهاية كانون الثاني/يناير 2007,"Enhancement of Government capacities in the management of the camps throughout the implementation of the plan
Successful performance of the work of the Joint Humanitarian Facilitation and Monitoring Unit
1. The Unit is made up of all agencies involved in humanitarian work in cooperation with the African Union and the United Nations
2. Continuation of work with fast-track procedures of proven efficacy and yearly renewal upon expiration, scheduled for the end of January 2007
Participation in the provision of additional humanitarian support to the camps
:: Undertaking by the Government, after the necessary survey is conducted, to provide additional relief following the first instalment sent to Darfur
Completion of the survey (30 September 2006), immediately followed by the carrying out of the operation of furnishing Government support
:: Technical and logistical support from the United Nations for the sending and distribution of such support
Prompt voluntary return programmes
:: Preparation of an integrated plan comprising security for the movement of returnees, provision for their needs while they travel (wells) and after they arrive in their regions (seed and farm implements) and putting into place of security measures for the protection of internally displaced persons in coordination with the African Union","رفع القدرات الحكومية في إدارة المعسكرات خلال التطبيق للخطة
إنجاح عمل الوحدة المشتركة لمراقبة وتسيير العمل الإنساني
1 - تتكون الوحدة من كافة الجهات المعنية بالعمل الإنساني وبالمشاركة مع الاتحاد الأفريقي والأمم المتحدة
2 - مواصلة العمل بإجراءات المسار السريع الذي أثبت جدواه وتجديده سنويا بعد انقضاء فترة سريانه المتوقع في نهاية كانون الثاني/يناير 2007
فورا
الإسهام في توفير دعم إنساني إضافي للمعسكرات
:: تتكفل الحكومة بعد إجراء المسح اللازم بتوفير إغاثة إضافية بعد الدفعة الأولى التي أرسلت لدارفور
الانتهاء من المسح 30/9/2006 تنفذ عملية توفير الدعم الحكومي فور الانتهاء من المسح
:: دعم فني ولوجستي من الأمم المتحدة لإرسال هذا الدعم وتوزيعه
برامج العودة الطوعية العاجلة
:: تعد خطة متكاملة تشمل تأمين حركة العائدين وتوفير المعينات لهم أثناء السير (الآبار) وبعد الوصول لمناطقهم (التقاوي والمعدات الزراعية) وتوظف الترتيبات الأمنية لحماية النازحين بالتنسيق مع الاتحاد الأفريقي",,,,,,
sample,unpc-single-0052,single,accepted,,en->ar,Who was the chairman of the meeting held on 15 January 2001?,من كان رئيس الاجتماع الذي عُقِد في 15 يناير 2001؟,,,Mr. Dos Santos (Mozambique),السيد دوس سانتوس (موزامبيق),"Preparatory Committee for the United Nations
Conference on the Illicit Trade in Small Arms
and Light Weapons in All Its Aspects
Second session
Summary record of the 20th meeting
Held at Headquarters, New York, on Monday, 15 January 2001, at 3 p.m.
Chairman: Mr. Dos Santos (Mozambique)
Contents
Modalities of attendance of non-governmental organizations at the sessions of the Preparatory Committee
Recommendations to the Conference on all relevant matters, including the objective, a draft agenda, draft rules of procedure and draft final documents, which will include a programme of action (continued)
The meeting was called to order at 4.05 p.m.
Modalities of attendance of non-governmental organizations at the sessions of the Preparatory Committee (A/CONF.192/PC/L.7/Rev.1)
1. The Chairman said that the Preparatory Committee had nearly reached consensus on a decision on the modalities of attendance of non-governmental organizations at the sessions of the Preparatory Committee as well as at the Conference (A/CONF.192/PC/L.7/Rev.1). He would continue to hold informal consultations with a view to ensuring that the concerns of all delegations were reflected in the final text.","اللجنة التحضيرية لمؤتمر الأمم المتحـدة المعني بالاتجار غير المشروع في الأسلحة الصغيرة والأسلحة الخفيفة من جميع جوانبه
الدورة الثانية
محضر موجز للجلسة العشرين
المعقودة في المقر، نيويورك، يوم الاثنين، 15 كانون الثاني/يناير 2001، الساعة 00/15
الرئيس: السيد دوس سانتوس (موزامبيق)
المحتويات
طرائق حضور المنظمات غير الحكومية في دورات اللجنة التحضيرية
توصيات إلـــى المؤتمـــر بشأن جميـــع المسائل ذات الصلة، بما في ذلك الهدف، ومشروع جدول الأعمال، ومشروع النظام الداخلي، ومشاريع الوثائق الختامية، بما في ذلك برنامج عمل (تابع)
افتتحت الجلسة في الساعة 05/16
طرائق حضور المنظمات غير الحكومية في دورات اللجنة التحضيرية (A/CONF.192/PC/L.7/Rev.1)
1 - الرئيس: قال إن اللجنة التحضيرية قد توصلت تقريبا إلى توافق للآراء بشأن مقرر يتعلق بطرائق حضور المنظمات غير الحكومية في دورات اللجنة التحضيرية وكذلك في المؤتمر (A/CONF.192/PC/L .7/Rev.1). وقال إنه سيواصل إجراء مشاورات غير رسمية بغية كفالة إيراد شواغل جميع الوفود في النص النهائي.",,,,,,
sample,unpc-single-0054,single,accepted,,en->ar,Which document is cited for more detailed information on the water policy and strategy?,ما هو المستند المذكور للحصول على معلومات أكثر تفصيلاً حول سياسة المياه والاستراتيجية؟,,,UNEP/GC.22/INF/35,الوثيقة UNEP/GC.22/INF/35,"The outcomes of the intergovernmental review on the Global Programme of Action to Protect the Marine Environment from Land-based Activities provide strategic direction for the further implementation of the programme. The intergovernmental review also adopted a number of recommendations which should be fully incorporated in the water policy and strategy. The plan of Implementation of the World Summit on Sustainable Development accords a high degree of attention to issues which are being addressed by the Global Programme of Action;
The revitalization of the regional seas programme has yielded dividends and greater efforts should be made to consolidate the process. Promoting synergies and closer collaboration with the various stakeholders should be accorded priority attention;
The freshwater component of the water policy and strategy should be significantly enhanced and strengthened. It is vital that a framework for action be integrated in the water policy and strategy. More detailed information on this matter may be found in document UNEP/GC.22/INF/35. UNEP has consulted widely among Governments and there is a clear consensus that improved delivery by UNEP is a high priority, with such delivery targeted at providing practical policy guidance in comprehensive, user-friendly packages on how to achieve environmentally sustainable water use consistent with the overriding priority of poverty reduction. This consensus is consistent with internationally agreed priorities and the overall mandate of UNEP;","(ى) توفر نتائج الاستعراض الحكومي الدولي لبرنامج العمل العالمي لحماية البيئة البحرية من الأنشطة البرية توجيهاً إستراتيجياً لمواصلة تنفيذ البرنامج. وقد أعتمد الاستعراض الحكومي الدولي كذلك عدداً من التوصيات التي ينبغي أن تدمج بالكامل في إستراتيجيات وسياسات المياه. وتولى خطة التنفيذ الخاصة بالقمة العالمية للتنمية المستدامة درجةً عاليةً من الاهتمام بالقضايا التي يتناولها حالياً برنامج العمل العالمي؛
(ك) إن إعادة الحيوية لبرنامج البحار الإقليمية قد أعطى نتائج، وينبغي بذل المزيد من الجهود لتوحيد العملية. إن تشجيع أوجه التوافق والتعاون الأوثق مع مختلف أصحاب المصلحة ينبغي أن يحظى بالاهتمام الكبير؛
(ل) إن عناصر المياه العذبة في سياسات وإستراتيجيات المياه يجب أن تزداد وتتعزز. ومن الضروري والحيوي إدماج أطر العمل في إستراتيجيات وسياسات المياه. ويمكن الحصول على المزيد من التفاصيل حول هذا الموضوع من الوثيقة UNEP/GC.22/INF/35. وقد أجرى برنامج الأمم المتحدة للبيئة مشاورات كثيرة فيما بين الحكومات وهناك توافق واضح في الآراء بأن تحسين أداء برنامج الأمم المتحدة للبيئة من بين الأولويات الكبرى، مع ضرورة توجيه هذا الأداء نحو تقديم توجيهات السياسات العملية بشكل شامل، وعمل برامج صديقة للبيئة حول كيفية تحقيق استخدام المياه المستدام بيئياً بما يتمشى مع الأولوية الكبرى المتمثلة في التقليل من الفقر. ويتمشى هذا التوافق في الآراء مع الأولويات المتفق عليها دولياً، ومع الولاية الشاملة لبرنامج الأمم المتحدة للبيئة؛",,,,,,
sample,unpc-single-0055,single,accepted,,en->ar,When does phase one of the ONUMOZ police observers withdrawal begin?,متى يبدأ المرحلة الأولى من سحب مراقبي الشرطة في أونوموز؟,,,10 November 1994,١٠ تشرين الثاني/نوفمبر ١٩٩٤,"37. The withdrawal of ONUMOZ police observers is planned to take place in three phases. Phase one will start on 10 November 1994, when a total of 652 monitors will be withdrawn from various posts throughout the country. Phase two will start on 18 November, when 292 monitors will be withdrawn from the provincial and regional headquarters. Phase three will start on 25 November and will be completed by mid-December, when the 200 monitors at the regional and central headquarters will be withdrawn.
38. The reduction in strength of the ONUMOZ military component will begin on 15 November 1994, as previously planned. The tentative withdrawal schedule now stands as follows: the Bangladesh contingent will depart between 25 November and 12 December 1994; the Botswana contingent on 8 December 1994; the Brazilian company on 27 and 28 November 1994; the Uruguayan contingent from 29 November to 11 December 1994; and the Zambian battalion from 4 to 13 December 1994.","٣٧ - ومن المقرر أن يجري انسحاب مراقبي الشرطة التابعين لعملية اﻷمم المتحدة في موزامبيق على ثﻻث مراحل. وتبدأ المرحلة اﻷولى في ١٠ تشرين الثاني/نوفمبر ١٩٩٤، وهي تشمل انسحاب عدد اجماليه ٦٥٢ مراقبا من المواقع المختلفة في جميع أنحاء البلد. وتبدأ المرحلة الثانية في ١٨ تشرين الثاني/نوفمبر، وهي تشمل انسحاب ٢٩٢ مراقبا من مقار المقاطعات والمناطق. وتبدأ المرحلة الثالثة في ٢٥ تشرين الثاني/نوفمبر وتكتمل بحلول منتصف كانون اﻷول/ديسمبر بانسحاب ٢٠٠ مراقب من المقر المركزي والمقار اﻹقليمية.
٣٨ - وسيبدأ تخفيض قوام العنصر العسكري لعملية اﻷمم المتحدة في موزامبيق في ١٥ تشرين الثاني/ نوفمبر ١٩٩٤، وفقا للمخطط سابقا. وفيما يلي الجدول الزمني المؤقت لﻻنسحاب كما هو مقرر حاليا: سترحل الوحدة البنغﻻديشية فيما بين ٢٥ تشرين الثاني/نوفمبر و ١٢ كانون اﻷول/ديسمبر ١٩٩٤؛ والوحدة البوتسوانية في ٨ كانون اﻷول/ديسمبر ١٩٩٤؛ والسرية البرازيلية في ٢٧ و ٢٨ تشرين الثاني/نوفمبر ١٩٩٤؛ والوحدة اﻷوروغواييه في الفترة الممتدة من ٢٩ تشرين الثاني/نوفمبر إلى ١١ كانون اﻷول/ديسمبر ١٩٩٤؛ والكتيبة الزامبية في الفترة الممتدة من ٤ إلى ١٣ كانون اﻷول/ديسمبر ١٩٩٤.",,,,,,
sample,unpc-single-0056,single,accepted,,en->ar,On what date was the Treaty on the Commission of the Customs Union signed?,في أي تاريخ تم توقيع معاهدة لجنة الاتحاد الجمركي؟,,,6 October 2007,6 تشرين الأول/أكتوبر 2007,"On 6 October 2007, in Dushanbe, the Heads of State of Belarus, Kazakhstan and the Russian Federation signed a Treaty on the Commission of the Customs Union, which provided for the establishment of a single, permanent regulatory body -- the Commission of the Customs Union -- which is responsible for the implementation of the decisions of the supreme organ of the Customs Union -- the Interstate Council of the Eurasian Economic Community (at the level of Heads of State and Government).
With a view to increasing the effectiveness of the work of the Commission, the Treaty specified that its decisions will have binding force of implementation in the territories of the States parties.
On 19 December 2009, in Almaty, at an informal meeting of the Heads of the States members of the Customs Union, a decision was taken to approve a plan of action on the creation of a single economic space by Belarus, Kazakhstan and the Russian Federation -- the next stage of integration after the Customs Union. A package of 17 basic agreements for the creation of the single economic space entered into force as of 1 January 2012.","وفي 6 تشرين الأول/أكتوبر 2007، وقَّع رؤساء دول الاتحاد الروسي وبيلاروس وكازاخستان، في دوشانبي، على معاهدة لإنشاء لجنة الاتحاد الجمركي، وكانت تقضي بإنشاء هيئة تنظيمية دائمة موحدة تُدعى لجنة الاتحاد الجمركي، وتتولى مسؤولية تنفيذ قرارات الهيئة العليا للاتحاد الجمركي، أي المجلس المشترك بين دول الجماعة الاقتصادية للمنطقة الأوروبية الآسيوية (على مستوى رؤساء الدول والحكومات).
ومن أجل زيادة فعالية عمل اللجنة، جاء في نص المعاهدة أنه ستكون للقرارات الصادرة عن اللجنة قوة الإلزام على صعيد التنفيذ في أراضي الدول الأطراف.
وفي 19 كانون الأول/ديسمبر 2009، في ألماتي، اتُخذ قرار في اجتماع غير رسمي لرؤساء الدول الأعضاء في الاتحاد الجمركي بالموافقة على خطة عمل لإنشاء فضاء اقتصادي موحد للاتحاد الروسي وبيلاروس وكازاخستان، وهو ما يمثل المرحلة التالية من التكامل في أعقاب إقامة الاتحاد الجمركي. وبدأ في 1 كانون الثاني/يناير 2012 نفاذ مجموعة مؤلفة من 17 اتفاقاً أساسياً لإنشاء فضاء اقتصادي موحد.",,,,,,
sample,unpc-single-0057,single,accepted,,en->ar,On what date did the Assembly decide to include agenda item 163 in the agenda of the fifty‑ninth session?,في أي تاريخ قررت الجمعية إدراج البند 163 على جدول أعمال الدورة التاسعة والخمسين؟,,,29 October 2004,29 تشرين الأول/أكتوبر 2004,"Accordingly, agenda item 54 has been included in the draft agenda of the sixtieth session.
The Assembly has thus concluded its consideration of agenda item 54.
Agenda item 110
Improving the financial situation of the United Nations
It is my understanding that it would be desirable to defer consideration of this item to the sixtieth session of the General Assembly.
May I take it that it is the wish of the General Assembly to defer consideration of this item and to include it in the draft agenda of its sixtieth session?
The President (spoke in French): The Assembly has thus concluded its consideration of agenda item 110.
Agenda item 128
Financing of the United Nations Mission in East Timor
The President (spoke in French): The Assembly has thus concluded its consideration of agenda item 128.
Agenda item 163
The situation in the occupied territories of Azerbaijan
The President (spoke in French): Members will recall that at its 46th plenary meeting, on 29 October 2004, the Assembly decided to include this item in the agenda of the fifty-ninth session.","وبالتالي، أُدرج جدول الأعمال 24 في مشروع جدول أعمال الدورة الستين.
بهذا تكون الجمعية قد اختتمت نظرها في البند 54 من جدول الأعمال.
البند 110 من جدول الأعمال
تحسين الحالة المالية للأمم المتحدة
أفهم أنه من المستحسن إرجاء النظر في هذا البند إلى الدورة الستين للجمعية العامة.
هل لي أن أعتبر أن الجمعية العامة ترغب في إرجاء النظر في هذا البند وإدراجه في مشروع جدول أعمال الدورة الستين؟
الرئيس (تكلم بالفرنسية): بهذا تكون الجمعية قد اختتمت نظرها في البند 110 من جدول الأعمال.
البند 128 من جدول الأعمال
تمويل بعثة الأمم المتحدة في تيمور الشرقية
الرئيس (تكلم بالفرنسية): بهذا تكون الجمعية قد اختتمت نظرها في البند 128 من جدول الأعمال.
البند 163 من جدول الأعمال
الحالة في الأراضي المحتلة في أذربيجان
الرئيس (تكلم بالفرنسية): لعل الأعضاء يتذكرون أن الجمعية قررت في جلستها العامة السادسة والأربعين، المعقودة في 29 تشرين الأول/أكتوبر 2004، إدراج هذا البند في جدول أعمال الدورة التاسعة والخمسين.",,,,,,
sample,unpc-single-0058,single,accepted,,ar->en,What is the number of the Human Rights Council resolution that requested the inclusion of a gender perspective in the work of the Advisory Committee?,ما هو رقم قرار مجلس حقوق الإنسان الذي طلب إدراج منظور جنساني في عمل اللجنة الاستشارية؟,,,6/30,6/30,"Item 3
Requests addressed to the Advisory Committee stemming
from Human Rights Council resolutions
(a) Requests currently under consideration by the Committee
(i) Integration of a gender perspective
10. In its resolution 6/30, the Human Rights Council requested the Advisory Committee to regularly and systematically integrate a gender perspective into the implementation of its mandate, including when examining the intersection of multiple forms of discrimination against women, and to include in its reports information on and qualitative analysis of human rights of women and girls.
11. At its second and fourth sessions, the Advisory Committee held discussions on the matter.
(ii) Promotion of a democratic and equitable international order
12. In its resolutions 8/5 and 18/6, the Human Rights Council requested, inter alia, the Advisory Committee to pay due attention, within its respective mandate, to the resolution and to make contributions towards its implementation. In resolution 18/6, the Council also decided to establish, for a period of three years, a new special procedures mandate of independent expert on the promotion of a democratic and equitable international order.","البند 3
الطلبات الموجّهة إلى اللجنة الاستشارية والناشئة عن قرارات مجلس حقوق الإنسان
(أ) طلبات تنظر فيها اللجنة حالياً
`1` إدراج منظور جنساني
10- طلب مجلس حقوق الإنسان إلى اللجنة الاستشارية، في قراره 6/30، أن تدمج على نحو منتظم ومنهجي، منظوراً جنسانياً في تنفيذ ولايتها، بما في ذلك عند دراسة السمة المشتركة بين الأشكال المتعددة للتمييز ضد المرأة، وأن تدرج في تقاريرها معلومات عن حقوق الإنسان للنساء والفتيات، وتحليلاً نوعياً لهذه الحقوق.
11- وأجرت اللجنة الاستشارية مناقشات بشأن هذه المسألة في دورتيها الثانية والرابعة.
`2` تعزيز نظام دولي ديمقراطي ومنصف
12- طلب مجلس حقوق الإنسان إلى اللجنة الاستشارية، في قراريه 8/5 و18/6، في جملة ما طلب، أن تولي الاهتمام الواجب في إطار ولايتها للقرار، وأن تسهم في تنفيذه. وقرر المجلس أيضاً، في قراره 18/6، أن يستحدث ولاية جديدة، لمدة ثلاث سنوات، في إطار الإجراءات الخاصة، هي ولاية الخبير المستقل المعني بتعزيز نظام دولي ديمقراطي ومنصف.",,,,,,
sample,unpc-single-0059,single,accepted,,en->ar,Which resolution did the Department of Peacekeeping Operations create an action plan to implement?,ما هو القرار الذي أعدت إدارة عمليات حفظ السلام خطة عمل لتنفيذه؟,,,resolution 1325 (2000),القرار 1325 (2000),"Questions raised by Canada and addressed to Mr. Guéhenno
4. What are Mr. Guéhenno's views on the prospect of the Department of Peacekeeping Operations undertaking an initiative similar to that of the Department for Disarmament Affairs and the Office for the Coordination of Humanitarian Affairs to facilitate a stronger integration of gender considerations in the activities of the Department?
The Department of Peacekeeping Operations established an action plan to implement resolution 1325 (2000), which will be updated in the coming months. The review of the action plan will be completed after the Department has taken stock of current gender mainstreaming activities at Headquarters and in the field.
5. We would be interested in further information on efforts undertaken to ensure that gender perspectives are mainstreamed in all training modules and not confined to gender-specific training modules. We believe this would contribute to tackling this issue.","الأسئلة التي طرحها ممثل كندا ووجهها إلى السيد غيهينو
4 - ما رأي السيد غيهينو في إمكانية قيام إدارة عمليات حفظ السلام بمبادرة مماثلة لما قامت به إدارة شؤون نزع السلاح ومكتب تنسيق الشؤون الإنسانية لتيسير إدماج الاعتبارات الجنسانية بصورة أقوى في أنشطة الإدارة ؟
وضعت إدارة عمليات حفظ السلام خطة عمل لتنفيذ القرار 1325 (2000)، وسيتم تحديثها خلال الأشهر القادمة. وسيكتمل استعراض خطة عمل الإدارة بعد أن تجري الإدارة تقييما للأنشطة المضطلع بها حاليا لتعميم المنظور الجنساني في المقر والميدان على حد سواء.
5 - يهمنا الحصول على مزيد من المعلومات بشأن الجهود المضطلع بها لكفالة تعميم المنظورات الجنسانية في جميع النماذج التدريبية، وعدم اقتصارها على نماذج التدريب المختصة بالمسائل الجنسانية تحديدا. ونعتقد أن ذلك من شأنه أن يسهم في معالجة المسألة.",,,,,,
sample,unpc-single-0060,single,accepted,,ar->en,What is the date of the acting head of mission’s letter on behalf of the Permanent Mission of Burkina Faso to the President of the Security Council?,ما هو تاريخ رسالة القائم بالأعمال بالنيابة للبعثة الدائمة لبوركينا فاسو إلى رئيس مجلس الأمن؟,,,15 April 1986,15 نيسان/أبريل 1986,"Letter dated 15 April 1986 from the Chargé d'affaires a.i. of the Permanent Mission of Burkina Faso to the United Nations addressed to the President of the Security Council;
Letter dated 15 April 1986 from the Chargé d'affaires a.i. of the Permanent Mission of the Syrian Arab Republic to the United Nations addressed to the President of the Security Council;
Letter dated 15 April 1986 from the Permanent Representative of Oman to the United Nations addressed to the President of the Security Council (15 April 1986; 24 April 1986).
71. Letter dated 19 April 1988 from the Permanent Representative of Tunisia to the United Nations addressed to the President of the Security Council (21 April 1988; 25 April 1988).
72. Letter dated 2 February 1990 from the Permanent Representative of Cuba to the United Nations addressed to the President of the Security Council (9 February 1990; 9 February 1990).","رسالة مؤرخة 15 نيسان/أبريل 1986 موجهة إلى رئيس مجلس الأمن من القائم بالأعمال بالنيابة للبعثة الدائمة لبوركينا فاسو لدى الأمم المتحدة؛
رسالة مؤرخة 15 نيسان/أبريل 1986 موجهة إلى رئيس مجلس الأمن من القائم بالأعمال بالنيابة للبعثة الدائمة للجمهورية العربية السورية لدى الأمم المتحدة؛
رسالة مؤرخة 15 نيسان/أبريل 1986 موجهة إلى رئيس مجلس الأمن من الممثل الدائم لعمان لدى الأمم المتحدة (15 نيسان/أبريل 1986؛ 24 نيسان/أبريل 1986).
71 - رسالة مؤرخة 19 نيسان/أبريل 1988 موجهة إلى رئيس مجلس الأمن من الممثل الدائم لتونس لدى الأمم المتحدة (21 نيسان/أبريل 1988؛ 25 نيسان/أبريل 1988).
72 - رسالة مؤرخة 2 شباط/فبراير 1990 موجهة إلى رئيس مجلس الأمن من الممثل الدائم لكوبا لدى الأمم المتحدة (9 شباط/فبراير 1990؛ 9 شباط/فبراير 1990).",,,,,,
sample,unpc-single-0061,single,accepted,,ar->en,In which year were plans made to launch the annual European Epilepsy Day?,في أي عام وُضِعت خطط لإطلاق يوم الصرع الأوروبي السنوي؟,,,2010,2010,"In Europe in 2010, plans were put in place for the launch of an annual European Epilepsy Day, which would highlight the need for improvements in diagnosis and treatment for the 6 million people living with epilepsy in Europe. In tandem with this, a European Advocates for Epilepsy Working Group was developed in the European Parliament. The organization has increased knowledge and understanding of epilepsy through educational workshops, symposiums and presentations in regional and international congresses. Since 2007, congresses have been held in Australia, China, Colombia, Egypt, France, Hungary, Portugal, Singapore, the United Arab Emirates and Uruguay. The organization's task forces on driving, governance and research have also had an impact on the knowledge and understanding of epilepsy.
The organization recognizes the particularly difficult problems faced by people with epilepsy in developing regions where access to diagnosis, medical care and availability of medication can affect detrimentally the lives of people with epilepsy. With the added problems of diseases that increase the risk of epilepsy, such as neurocysticercosis, it is accepted that in some African countries less than 10 per cent of people with epilepsy will receive even marginal care.","وفي أوروبا وُضِعت، في 2010، خطط لإطلاق يوم الصرع الأوروبي السنوي، والذي من شأنه تسليط الضوء على الحاجة إلى إدخال تحسينات في مجال التشخيص والمعالجة لستة ملايين شخص مصابين بالصرع في أوروبا. وبالتزامن مع ذلك، أُنشئ بالبرلمان الأوروبي فريق عامل للمدافعين الأوروبيين عن الصرع. وقد زادت المنظمة من معرفة الصرع وفهمه من خلال عقد حلقات عمل وندوات وعروض تثقيفية في المؤتمرات الإقليمية والدولية. ومنذ عام 2007، عُقِدت مؤتمرات في أستراليا، والإمارات العربية المتحدة، وأوروغواي، والبرتغال، وسنغافورة، والصين، وفرنسا، وكولومبيا، ومصر، وهنغاريا. كما كان لفرق عمل المنظمة المعنية بالقيادة والحوكمة والبحوث تأثير على معرفة وفهم الصرع.
تدرك المنظمة المشاكل الشديدة الصعوبة التي يواجهها المصابون بالصرع في المناطق النامية حيث يمكن أن تؤثر إمكانية الحصول على خدمات التشخيص والرعاية الطبية وتوافر الأدوية تأثيرا ضارا على حياة الأشخاص الذين يعانون من الصرع. وإذا ما أضيفت إلى ذلك مشكلة الأمراض التي تزيد من مخاطر الإصابة بالصرع، مثل مرض إصابة الجهاز العصبي بالكُييسات المذنبة (neurocysticercosis)، يصبح من المتفق عليه أنه، في بعض البلدان الأفريقية، لا يحصل إلا أقل من 10 في المائة من المصابين بالصرع على قدر من الرعاية وإن كانت هامشية.",,,,,,
sample,unpc-single-0062,single,accepted,,en->ar,When did the transfer of property occur in Kuwait?,متى حدث نقل الملكية في الكويت؟,,,November 2004,تشرين الثاني/نوفمبر 2004,"27. Progress in the discovery and identification of mortal remains is evidence of the enhanced cooperation that exists among the members of the Tripartite Commission and its Technical Subcommittee. The Commission remains the principal coordination and policy-making mechanism for dealing with the issue of persons unaccounted for since the 1990/91 Gulf war. The role played in these issues by ICRC is commendable.
28. The High-level Coordinator continues to work in close contact with the Commission and the Government of Kuwait. He will continue his dialogue with the Iraqi authorities. I am pleased that the Interim Government of Iraq is true to its stated commitment to assist in the search for the Kuwaiti prisoners of war and third-country nationals and the process of recovering their remains.
29. The transfer of property that took place in November 2004 in Kuwait is the first such action by the new Government of Iraq. It is certainly a demonstration of good intentions on the part of the Interim Government to recognize its obligations to Kuwait and the international community. This important step should trigger further efforts on the part of the Interim Government in finding other stolen items, foremost among them the Kuwaiti national archives, whose return Kuwait considers essential.","27 - كما أن التقدم المحرز في اكتشاف رفات الموتى والتعرف على هوياتهم دليل على التعاون المعزز القائم بين أعضاء اللجنة الثلاثية، واللجنة الفرعية التقنية التابعة لها. وتظل هذه اللجنة هي الآلية الرئيسية للتنسيق ورسم السياسة فيما يتعلق بالتعامل مع مسألة المفقودين منذ حرب الخليج في الفترة 1990/1991. وقد اضطلعت لجنة الصليب الأحمر الدولية في هذه المسائل بدور يستحق الثناء.
28 - ويواصل المنسق رفيع المستوى العمل الوثيق مع اللجنة ومع حكومة الكويت. وسيستمر في حواره مع السلطات العراقية. وإنني ممتن لكون الحكومة العراقية المؤقتة صادقة في التزامها المعلن بالمساعدة في البحث عن أسرى الحرب الكويتيين ورعايا البلدان الثالثة، وفي عملية استعادة رفاتهم.
29 - ويشكل تسليم الممتلكات الذي تم في الكويت في تشرين الثاني/نوفمبر 2004 أولى الخطوات التي تتخذها الحكومة العراقية الجديدة في هذا الصدد. وهي تشكل بالتأكيد تعبيرا عن نوايا حسنة من جانب الحكومة العراقية المؤقتة في سبيل الاعتراف بالتزاماتها إزاء الكويت والمجتمع الدولي. وينبغي أن تدفع هذه الخطوة المهمة الحكومة العراقية المؤقتة إلى بذل المزيد من الجهود للعثور على أصناف أخرى مسروقة، وعلى رأسها الأرشيف الوطني الكويتي الذي تعتبر الكويت إعادته أمرا ضروريا للغاية.",,,,,,
sample,unpc-single-0065,single,accepted,,en->ar,"In which city was the twenty-third meeting of Heads of National Drug Law Enforcement Agencies, Africa held?",في أي مدينة عُقِد الاجتماع الثالث والعشرون لرؤساء وكالات إنفاذ قوانين المخدرات الوطنية، أفريقيا؟,,,Addis Ababa,أديس أبابا,"41. Encourages the meetings of Heads of National Drug Law Enforcement Agencies and of the Subcommission on Illicit Drug Traffic and Related Matters in the Near and Middle East of the Commission on Narcotic Drugs to continue to contribute to the strengthening of regional and international cooperation, and in this regard acknowledges the discussions conducted at the twenty-third meeting of Heads of National Drug Law Enforcement Agencies, Africa, held in Addis Ababa from 16 to 20 September 2013, the twenty-third meeting for Latin America and the Caribbean, held in Quito from 30 September to 4 October 2013, the tenth meeting for Europe, held in Vienna from 2 to 5 July 2013, and the thirty-seventh meeting for Asia and the Pacific, held in Bangkok from 21 to 24 October 2013;",41 - تشجع على أن تواصل اجتماعات رؤساء الوكالات الوطنية لإنفاذ القوانين المتعلقة بالمخدرات واجتماعات اللجنة الفرعية المعنية بالاتجار غير المشروع بالمخدرات والمسائل المتصلة به في الشرق الأدنى والشرق الأوسط التابعة للجنة المخدرات الإسهام في تعزيز التعاون الإقليمي والدولي، وتنوه في هذا الصدد بالمناقشات التي جرت في الاجتماع الثالث والعشرين لرؤساء الوكالات الوطنية لإنفاذ القوانين المتعلقة بالمخدرات في أفريقيا، الذي عقد في أديس أبابا في الفترة من 16 إلى 20 أيلول/سبتمبر 2013، والاجتماع الثالث والعشرين لأمريكا اللاتينية ومنطقة البحر الكاريبي، الذي عقد في كويتو في الفترة من 30 أيلول/سبتمبر إلى 4 تشرين الأول/أكتوبر 2013، والاجتماع العاشر لأوروبا الذي عقد في فيينا في الفترة من 2 إلى 5 تموز/يوليه 2013، والاجتماع السابع والثلاثين لآسيا والمحيط الهادئ، الذي عقد في بانكوك في الفترة من 21 إلى 24 تشرين الأول/أكتوبر 2013؛,,,,,,
sample,unpc-single-0066,single,accepted,,ar->en,When was the United Nations Project Office for Governance established?,متى تم إنشاء مكتب مشروع الأمم المتحدة لشؤون الحوكمة؟,,,June 2006,حزيران/يونيه 2006,"At the conference, the Under-Secretary-General for Economic and Social Affairs was joined by the Speaker of the United States House of Representatives, the Speaker of the People's Assembly of Egypt and the Deputy-Speaker of the Hungarian National Assembly, in their capacity as co-Chairs of the Board of the Global Centre, and the IPU Secretary-General.
United Nations Project Office on Governance
49. The United Nations Project Office on Governance was established in June 2006 following the sixth global forum on reinventing government, at which participants called for the creation of an international office to promote transparency and participatory governance around the world. Formally, the Office is a technical cooperation trust fund project executed by the Department of Economic and Social Affairs under the overall direction of the Division and the Ministry of Public Administration and Safety of the Government of the Republic of Korea.
50. The particular role of the Office is to assist Member States in improving the quality of governance and public administration in order to enhance conditions for their citizens, improve human development and contribute to the achievement of the internationally agreed development goals, including the Millennium Development Goals. It does so through research and knowledge-sharing on the various facets of institutional development, electronic/mobile government and citizen engagement.","وخلال المؤتمر، انضم إلى وكيل الأمين العام للشؤون الاقتصادية والاجتماعية رئيس مجلس نواب الولايات المتحدة ورئيس مجلس الشعب في مصر ونائب رئيس الجمعية الوطنية الهنغارية، بصفتهم رؤساء مشاركين لمجلس إدارة المركز العالمي، والأمين العام للاتحاد البرلماني الدولي.
مكتب مشروع الأمم المتحدة لشؤون الحوكمة
49 - أُنشئ مكتب مشروع الأمم المتحدة لشؤون الحوكمة() في حزيران/يونيه 2006 في أعقاب المنتدى العالمي السادس المعني بإعادة تحديد ماهية الحكومة الذي دعا المشاركون فيه إلى إنشاء مكتب دولي لتعزيز الشفافية والتشاركية في مختلف أنحاء العالم. والمكتب، من الناحية الرسمية، هو مشروع صندوق استئماني للتعاون التقني تنفذه إدارة الشؤون الاقتصادية والاجتماعية بتوجيه عام من الشعبة ووزارة الإدارة العامة والسلامة في حكومة جمهورية كوريا.
50 - ويتمثل الدور الخاص للمكتب في مساعدة الدول الأعضاء على تحسين نوعية الحوكمة والإدارة العامة سعيا إلى تحسين ظروف مواطنيها وتعزيز التنمية البشرية والمساهمة في تحقيق الأهداف الإنمائية المتفق عليها دوليا، بما فيها الأهداف الإنمائية للألفية. ويقوم بذلك من خلال إجراء البحوث وتبادل المعارف بشأن مختلف جوانب التنمية المؤسسية، والحكومة الإلكترونية المتنقلة وإشراك المواطنين.",,,,,,
sample,unpc-single-0068,single,accepted,,ar->en,What is the protocol that the Committee invites the State Party to ratify?,ما هو البروتوكول الذي تدعو اللجنة الدولة الطرف إلى التصديق عليه؟,,,Optional Protocol to the Convention on the Elimination of All Forms of Discrimination against Women,البروتوكول الاختياري لاتفاقية القضاء على جميع أشكال التمييز ضد المرأة,"41. The Committee encourages the State party to ratify the Optional Protocol to the Convention on the Elimination of All Forms of Discrimination against Women.
42. The Committee requests the State party to ensure the wide participation of all ministries and public bodies in, and to consult with non-governmental organizations during, the preparation of its next report. It encourages the State party to involve Parliament in a discussion of the report before its submission to the Committee.
43. The Committee urges the State party to utilize fully in its implementation of the obligations under the Convention, the Beijing Declaration and Platform for Action, which reinforce the provisions of the Convention, and requests the State party to include information thereon in its next periodic report.
44. The Committee also emphasizes that full and effective implementation of the Convention is indispensable for achieving the Millennium Development Goals. It calls for the integration of a gender perspective and the explicit reflection of the provisions of the Convention in all efforts aimed at the achievement of the Millennium Development Goals and requests the State party to include information thereon in its next periodic report.","41 - وتشجع اللجنة الدولة الطرف على التصديق على البروتوكول الاختياري لاتفاقية القضاء على جميع أشكال التمييز ضد المرأة.
42 - وتطلب اللجنة إلى الدولة الطرف كفالة المشاركة الواسعة لجميع الوزارات والهيئات العامة في إعداد تقريرها المقبل والتشاور مع منظمات المجتمع المدني خلال ذلك. وهي تشجع الدولة الطرف على إشراك البرلمان في مناقشة التقرير قبل تقديمه إلى اللجنة.
43 - وتحث اللجنة الدولة الطرف على الإفادة إفادة كاملة، في تنفيذها للالتزامات المترتبة بموجب الاتفاقية، من إعلان ومنهاج عمل بيجين اللذين يعززان أحكام الاتفاقية، وتطلب إلى الدولة الطرف أن تُضمِّن تقريرها الدوري المقبل معلومات عن ذلك.
44 - وتشدد اللجنة أيضا على أنه لا مناص من التنفيذ الكامل والفعال للاتفاقية لتحقيق الأهداف الإنمائية للألفية. وتدعو اللجنة إلى دمج المنظور الجنساني والإبراز الصريح لأحكام الاتفاقية في جميع الجهود الرامية إلى تحقيق الأهداف الإنمائية للألفية وتطلب إلى الدولة الطرف أن تُضمِّن تقريرها الدوري المقبل معلومات عن ذلك.",,,,,,
sample,unpc-single-0071,single,accepted,,en->ar,Which committee recommended that Bulgaria align its juvenile delinquency legislation with the Convention on the Rights of the Child?,أي لجنة أوصت بأن تُواءم بلغاريا تشريعاتها المتعلقة بالجنح القاصرة مع اتفاقية حقوق الطفل؟,,,the Committee on the Rights of the Child,لجنة حقوق الطفل,"He asked the Bulgarian delegation to indicate the number of judges, police officers and prosecutors who had been punished and what those punishments had been.
18. Cases concerning the Law on the Liability of the State and the Municipality for Damage had been referred to different courts, as reflected in table 9 of the written replies. However, the table did not specify the number of cases in which judges had awarded compensation to the complainant, had found against the applicant or had dismissed the proceedings; nor did it specify the nature of the injury suffered and the amount of compensation awarded. He requested details on all those points.
19. The Committee had asked the State party to provide information on the grounds on which a person could be deprived of liberty, as the written replies focused essentially on police detention. According to information provided by the Bulgarian Helsinki Committee, deprivation of liberty affected the mentally ill, foreigners and even schoolchildren. He asked the Bulgarian delegation to clarify the situation in that regard. Moreover, the Committee on the Rights of the Child had recommended that the State party bring its legislation on juvenile delinquency into line with the Convention on the Rights of the Child; it had apparently not yet done so, and he enquired what stage the process had reached.","وطلب السيد ثيلين إلى الوفد البلغاري بيان عدد من عوقب من القضاة وضباط الشرطة والمدعين العامين وطبيعة العقوبات التي سلطت عليهم.
18- وتطرق إلى الجدول رقم 9 من الردود الكتابية الذي أشار إلى رفع دعاوى أمام محاكم مختلفة في إطار قانون مسؤولية الدولة والبلديات. ومع ذلك، لا يشير الجدول إلى عدد الحالات التي منح فيها القضاة تعويضات لأصحاب الشكوى وعدد الحالات التي استلم فيها هؤلاء قراراً بالرفض وتلك التي حكم فيها بعدم سماع الدعوى، ولا يحدد طبيعة الضرر ومبلغ التعويضات المقدمة. وأعرب السيد ثيلين عن رغبته في الحصول على معلومات مفصلة حول جميع هذه النقاط.
19- وذكر السيد ثيلين أن اللجنة طلبت إلى الدولة الطرف تقديم معلومات عن الأسباب التي تؤدي إلى حرمان شخص ما من حريته وقال إن الردود الكتابية تركز بالأساس على مسألة الاحتجاز من قبل قوات الشرطة. والواقع أن تدابير الحرمان من الحرية تمس المصابين بأمراض عقلية والأجانب وحتى تلاميذ المدارس وفقاً للمعلومات التي قدمتها لجنة هلسنكي البلغارية. وطلب السيد ثيلين إلى الوفد البلغاري توضيح الوضع في هذا الصدد. وقد أوصت لجنة حقوق الطفل الدولة الطرف بمواءمة تشريعاتها المتعلقة بجنوح الأحداث مع اتفاقية حقوق الطفل، وهو ما لم ينفذ بعد على ما يبدو، وقال السيد ثيلين إنه يود معرفة المرحلة التي بلغتها هذه العملية.",,,,,,
sample,unpc-single-0072,single,accepted,,ar->en,How many people live in informal settlements in the region?,كم عدد الأشخاص الذين يعيشون في مستوطنات غير نظامية في المنطقة؟,,,50 million,حوالي 50 مليون نسمة,"24. By contrast, HIV/AIDS and tuberculosis are emerging as particular concerns. Eastern Europe and Central Asia is the only region in the world where HIV prevalence continues to increase and the number of HIV infections newly diagnosed in the whole European region has doubled since 2000. The continued spread of drug-resistant varieties of tuberculosis is also of great concern as its incidence has doubled since 1990 in the Eastern Europe, Caucasus and Central Asia region. Lack of access to safe drinking water and proper sanitation also remain serious problems in many of the transition economies. This is primarily a problem in the poorest economies of Eastern Europe, Caucasus and Central Asia and the South-Eastern Europe regions, but is also a concern in some rural areas of the new member States. Some 50 million people in over 15 countries of the region are living in informal settlements, over 20 million people do not have access to safe drinking water and up to 50 million people do not have access to appropriate sanitation.",24 - وعلى العكس من ذلك، بدأ فيروس نقص المناعة البشرية/الإيدز والسل يمثلان مصدر قلق شديد. وأوروبا الشرقية وآسيا الوسطى هي المنطقة الوحيدة في العالم التي لا يزال انتشار ذلك الفيروس فيها يتزايد وفي منطقة أوروبا بأكملها، تضاعف منذ عام 2000 عدد من اكتشفت إصابتهم به. ومن المثير للقلق أيضا انتشار أنواع من السل مقاومة للأدوية، إذ تضاعف منذ عام 1990 معدل الإصابة به في منطقة أوروبا الشرقية، والقوقاز، ووسط آسيا. وتظل صعوبة الوصول إلى مياه الشرب المأمونة ومرافق الصرف الصحي المناسبة من المشاكل الصعبة التي تواجه العديد من الاقتصادات الناشئة. وهذه المشكلة تواجهها أساسا أفقر الاقتصادات في منطقتي أوروبا الشرقية، والقوقاز، ووسط آسيا؛ وجنوب شرقي أوروبا، ولكنها مصدر قلق أيضا في البعض من المناطق الريفية في الدول الأعضاء الجديدة. ويعيش حوالي 50 مليون نسمة في أكثر من 15 بلدا من بلدان المنطقة في مستوطنات غير نظامية، وأكثر من 20 مليون نسمة لا يحصلون على مياه الشرب المأمونة، وعدد من ليست لهم مرافق صرف صحي مناسبة قد يصل إلى 50 مليون نسمة.,,,,,,
sample,unpc-single-0073,single,accepted,,en->ar,Which United Nations body is listed among those to be involved in the comprehensive protection system for indigenous peoples' cultural heritage?,أي هيئة من هيئات الأمم المتحدة مدرجة ضمن تلك التي ستشارك في نظام الحماية الشامل للتراث الثقافي للشعوب الأصلية؟,,,Permanent Forum,المنتدى الدائم,"31. The Working Group may wish to draft the guidelines in the form of a legal instrument in order to open up the possibility of transforming it into a legally binding instrument, e.g. a convention on the protection of indigenous peoples' cultural heritage.
32. The draft principles and guidelines call on the United Nations SecretaryGeneral and the governing bodies of relevant specialized agencies to ensure that the task of coordinating international cooperation in this field is entrusted to appropriate bodies of the United Nations system. Indigenous representatives have also called for greater coordination of activities relating to indigenous peoples' cultural heritage within the United Nations system. In this context, the Working Group could request that a comprehensive protection system be developed which integrates the work undertaken by, and involves, United Nations bodies and organizations such as the Permanent Forum, WIPO, CBD, UNESCO and OHCHR, ensuring, inter alia, a human rights-based approach.","31- وقد يرغب الفريق العامل في صياغة المبادئ التوجيهية في شكل صك قانوني كي تتاح إمكانية تحويله إلى صك ملزم من الناحية القانونية، وذلك على غرار اتفاقية حماية التراث الثقافي للشعوب الأصلية.
32- ويدعو مشروع المبادئ والمبادئ التوجيهية الأمين العام للأمم المتحدة والهيئات الإدارية في الوكالات المتخصصة ذات الصلة، إلى ضمان أن تناط مهمة تنسيق التعاون الدولي في هذا المجال بهيئات مناسبة في منظومة الأمم المتحدة. كما طالب ممثلو الشعوب الأصلية بالمزيد من التنسيق بين الأنشطة المتعلقة بالتراث الثقافي لهذه الشعوب في إطار منظومة الأمم المتحدة. وفي هذا السياق، يمكن أن يطلب الفريق العامل وضع نظام حماية شامل يقيم التكامل بين الأعمال التي تضطلع بها هيئات ومؤسسات الأمم المتحدة مثل المنتدى الدائم، والمنظمة العالمية للملكية الفكرية، واتفاقية التنوع البيولوجي، واليونسكو، والمفوضية السامية لحقوق الإنسان، ويشرك هذه الهيئات في أعماله بحيث يكفل، ضمن أمور أخرى، وضع نهج يستند إلى حقوق الإنسان.",,,,,,
sample,unpc-single-0075,single,accepted,,ar->en,On what date did the Committee adopt the concluding observations on the initial report of the State Party in 2001?,في أي تاريخ اعتمدت اللجنة الملاحظات الختامية بشأن التقرير الأولي للدولة الطرف في عام 2001؟,,,8 June 2001,8 حزيران/يونيه 2001,"3. The Committee reminds the State party that the present concluding observations should be read in conjunction with its previous concluding observations adopted on the initial report of the State party on 8 June 2001 (CRC/C/15/Add.152) and with the concluding observation adopted on the initial report under the Optional Protocol on the sale of children, child prostitution and child pornography (CRC/C/OPSC/TUR/CO/1) on 2 June 2006.
I. Positive aspects
4. The Committee notes as positive the declaration made by the State party upon ratification of the Protocol that even in cases of mobilization and state of emergency, individuals who are liable to military service may only be recruited at the age of 19.","3- وتُذكِّر اللجنة الدولة الطرف بأن هذه الملاحظات الختامية ينبغي أن تُقرَأ مقترِنة بالملاحظات الختامية السابقة التي اعتمدتها اللجنة في 8 حزيران/يونيه 2001 بشأن التقرير الأولي للدولة الطرف (CRC/C/15/Add.152) وكذلك بالملاحظات الختامية التي اعتمدتها اللجنة في 2 حزيران/يونيه 2006 بشأن التقرير الأولي للدولة الطرف المقدم بموجب البروتوكول الاختياري المتعلق ببيع الأطفال وبغاء الأطفال واستغلال الأطفال في المواد الإباحية (CRC/C/OPSC/TUR/CO/1).
أولاً - الجوانب الإيجابية
4- تلاحظ اللجنة أن من التطورات الإيجابية ما يتمثَّل في الإعلان الذي أصدرته الدولة الطرف لدى تصديقها على البروتوكول ومفاده أنه لا يجوز، حتى في حالات التعبئة العامة وحالات الطوارئ، تجنيد الأفراد الخاضعين للخدمة العسكرية إلا عند بلوغهم سن التاسعة عشرة.",,,,,,
sample,unpc-single-0077,single,accepted,,ar->en,In which year did the Gender Equality organization collaborate with civil society organizations to pressure the Mexican government to include contraceptives in the official standard?,في أي سنة شاركت منظمة الإنصاف بين الجنسين مع منظمات المجتمع المدني في الضغط على حكومة المكسيك لإدراج وسائل منع الحمل في المعيار الرسمي؟,,,2004,2004,"Contraceptive prevalence is closely tied to unmet family planning need, and the strategies used to address one are applicable to the other. For instance, many women do not use contraceptive methods, not because they reject them, but because they are not adequately informed about them, or are not offered a broad enough range of such methods, or because they are uncomfortable with the service provided.
In 2004, Equidad de Género participated with other civil society organizations in pressuring the federal Government of Mexico to include emergency contraception and the female condom in Official Mexican Norm 005-SSA2-1993 for Family Planning Services and, later, in the Essential Medicines List. Equidad de Género followed up this successful advocacy in both 2007 and 2008 with a professional watchdog monitoring programme carried out in 40 local health centres in four States in order to ensure that emergency contraception was indeed available to all who requested it. The monitoring by Equidad de Género had the objective of investigating the degree of fulfilment by the Government of Mexico of its own internal norms.","ويرتبط انتشار وسائل منع الحمل ارتباطا وثيقا بالاحتياجات غير الملباة من وسائل تنظيم الأسرة، كما أن الاستراتيجيات المستخدمة لتلبية إحداها تنطبق على الأخرى. فعلى سبيل المثال، يحجم العديد من النساء عن استخدام وسائل منع الحمل لا لرفضهن لها بل لأنهن لسن على علم كاف بها، أو لأنه لم تُعرض عليهن طائفة واسعة بما فيه الكفاية منها، أو لأنهن غير راضيات عن الخدمة المقدمة.
وفي عام 2004، شاركت منظمة الإنصاف بين الجنسين مع منظمات المجتمع المدني الأخرى في الضغط على حكومة المكسيك الاتحادية لإدراج وسائل منع الحمل في حالات الطوارئ والواقي الأنثوي في المعيار المكسيكي الرسمي 005-SSA2-1993 لخدمات تنظيم الأسرة، ولاحقا، في قائمة الأدوية الأساسية. وفي عامي 2007 و 2008، أعقبت المنظمةُ متابعةَ هذه الدعوة الناجحة بتطبيق برنامجٍ رقابي متخصص للرصد في 40 من المراكز الصحية المحلية في أربع ولايات بهدف ضمان التوافر الفعلي لوسائل منع الحمل في حالات الطوارئ لجميع طالبيها. وكان الهدف من الرصد الذي قامت به المنظمة التأكد من استيفاء حكومة المكسيك لمعاييرها الداخلية الخاصة بها.",,,,,,
sample,unpc-single-0078,single,accepted,,en->ar,In which year did the ISU report receiving very few requests for assistance?,في أي سنة أبلغت ISU أنها تلقت عددًا قليلًا جدًا من طلبات المساعدة؟,,,2007,2007,"IV. Challenges and obstacles identified by the Implementation Support Unit
15. In its annual reports to States Parties, the ISU has identified problems with facilitating cooperation and assistance among States Parties in accordance with its mandate. In its 2007 report, the ISU stated that it had received ""very few requests for, or offers of, assistance with national implementation or CBMs. It was therefore unable to do much to fulfil the important aspects of its mandate concerning the facilitation of communication among States Parties and the exchange of requests for and offers of assistance"". In its 2008 report, the ISU noted some improvement but stated that ""problems remain with the operation of the ISU as a clearing-house for requests for and offers of assistance, for the reasons identified in the 2007 ISU report ... in general, few requests are made, and the rate of response to those few requests is low"".","رابعاً- التحديات والعقبات التي حددتها وحدة دعم التنفيذ
15- أشارت وحدة دعم التنفيذ، في تقاريرها السنوية المقدمة إلى الدول الأطراف، إلى مشاكل في تيسير التعاون والمساعدة فيما بين الدول الأطراف وفقاً لما تنص عليه ولايتها. وأفادت وحدة دعم التنفيذ في تقريرها المقدم في عام 2007() بأنها ""لم تتلق سوى طلبات أو عروض قليلة جداً للمساعدة فيما يتعلق بالتنفيذ الوطني أو تدابير بناء الثقة. ومن ثم لم تتمكن من القيام بشيء يذكر للوفاء بالجوانب الهامة من ولايتها فيما يتعلق بتسهيل الاتصالات فيما بين الدول الأطراف وتبادل الطلبات وعروض المساعدة فيما بينها"". ولاحظت وحدة دعم التنفيذ تقريرها المقدم في عام 2008() تحسن الأمور شيئاً ما لكنها أفادت بأن ""المشاكل المتعلقة بعمل الوحدة كمركز للوساطة المتصلة بطلبات المساعدة وعروض تقديم المساعدة [لا تزال] مطروحة للأسباب التي حُددت في تقرير الوحدة لعام 2007 ...",,,,,,
sample,unpc-single-0079,single,accepted,,ar->en,What is the name of the person whom the lawyer claimed was subjected to a fabricated crime?,ما هو اسم الشخص الذي ادعى المحامي أنه تعرض لتلفيق جريمة؟,,,Mr. Matveyev,السيد ماتفييف,"(g) At the trial, the sachets were presented packed and sealed. The judge dismissed the defence's request to unpack the sachets for a more detailed examination, although there were no obstacles to doing so.
According to the source, the court did not assess the aforementioned circumstances and they were not taken into account in the judgement. In providing grounds for the judgement, the court formally listed materials in the case file, including the protocols of investigative activities and testimonies by the prosecution witnesses. The defence arguments set out above were not presented in the judgement; the court concluded as follows: it ""has no grounds not to trust the testimonies of the [prosecution] witnesses, as they are consistent and in agreement with one another.""
In the course of the court proceedings, the defence presented facts that testify to the fabrication of the criminal case against Mr. Matveyev due to his human rights activities. Witnesses Mr. Khusayenov and Mr. Kaurov, who were interrogated in court, also confirmed this. The source alleges that the real reason for Mr. Matveyev's detention relates to his appeals to the Federal Security Service of the Russian Federation with respect to police threats to plant heroin on him.","(ز) كانت الأكياس المقدّمة في المحاكمة مغلقة ومختومة. ورفض القاضي طلب المحامي بشأن فتح الأكياس من أجل إجراء بحوث أكثر تفصيلاً، رغم أنه لم يكن يوجد أي مانع من ذلك.
28- ويفيد المصدر بأن المحكمة لم تقيّم الملابسات المشار إليها أعلاه ولم تراعها في حكمها. وعلى سبيل توفير أُسس للحكم، قدّمت المحكمة قائمة رسمية بمواد القضية، بما في ذلك بروتوكولات التحقيقات وأقوال شهود الإثبات. ولم يتضمن الحكم حجج المحامي المشار إليها أعلاه؛ وخلصت المحكمة إلى ما يلي: ""ليس ثمة ما يمنع المحكمة من أن تصدق شهود (الإثبات)، بما أن أقوالهم متناسقة ومتطابقة"".
29- وفي أثناء الإجراءات القضائية، قدّم المحامي وقائع تؤكد عملية تلفيق الجريمة ضد السيد ماتفييف بسبب أنشطته في مجال حقوق الإنسان. وهذا ما أكّده أيضاً السيدان خوسايينوف وكاوروف اللذان استجوبا في المحكمة بصفتهما شاهدين. ويدّعي المصدر أن السبب الحقيقي وراء اعتقال السيد ماتفييف يكمن في شكاويه المقدمة إلى دائرة الأمن الاتحادية في الاتحاد الروسي بشأن تهديد الشرطة له بتوريطه في الاتجار بالهيروين.",,,,,,
sample,unpc-single-0080,single,accepted,,ar->en,In which session will the General Assembly receive a report from the Secretary-General?,في أي دورة ستقدم الجمعية العامة تقريراً من قبل الأمين العام؟,,,seventieth session,السّبعين,"10. Invites the Chair of the Committee and the Chair of the Working Group to address and engage in an interactive dialogue with the General Assembly at its seventieth session under the item entitled ""Promotion and protection of human rights"";
11. Requests the Secretary-General to submit to the General Assembly at its seventieth session a report on the status of the Convention and the implementation of the present resolution.","10 - تدعو رئيس اللجنة ورئيس الفريق العامل إلى إلقاء كلمة أمام الجمعية العامة وإجراء حوار لتبادل الآراء معها في دورتها السبعين في إطار البند المعنون ""تعزيز حقوق الإنسان وحمايتها""؛
11 - تطلب إلى الأمين العام أن يقدم إلى الجمعية العامة في دورتها السبعين تقريرا عن حالة الاتفاقية وعن تنفيذ هذا القرار.",,,,,,
sample,unpc-single-0081,single,accepted,,ar->en,Who is the permanent representative of Azerbaijan to the Council of Europe who stated that he would not advise the Armenians to sleep safely until the Karabakh conflict is resolved?,من هو المندوب الدائم لأذربيجان لدى مجلس أوروبا الذي صرح بعدم نصحه للأرمن بالنوم بأمان حتى يُحلّ نزاع كاراباخ؟,,,Agshin Mehdiyev,Agshin Mehdiyev,"Agshin Mehdiyev, Ambassador, Permanent Representative of Azerbaijan to the Council of Europe stated that he ""does not advise Armenians to sleep safety until the Karabakh conflict is settled. Incidents like in Budapest cannot be ruled out"". (Source: Zerkalo, 23 February, 2004).
An Azerbaijani businessman Nadir Aliyev established a special fund for Safarov.
Siyavush Novruzov, ruling ""Yeni Azerbaijan"" party: ""If the conflict is not solved in the near future, then the incidents similar to the one happened in Budapest may happen everywhere where there are Armenians and Azerbaijanis, including the Council of Europe"". (Source: ""Zerkalo"", 27 February, 2004).
The young members of the Azerbaijani terrorist ""Organization for Liberation of Karabakh"" marched in the downtown Baku holding banners with the words ""Well done Ramil"".
Over 50 Azerbaijani government-sponsored NGO's organized a ""Committee for the Defense of Ramil Safarov"". One of the members of this committee unfortunately suggested to name new-born babies after him.","Agshin Mehdiyev, Ambassador, Permanent Representative of Azerbaijan to the Council of Europe stated that he ""does not advise Armenians to sleep safety until the Karabakh conflict is settled. Incidents like in Budapest cannot be ruled out"". (Source: Zerkalo, 23 February, 2004).
An Azerbaijani businessman Nadir Aliyev established a special fund for Safarov.
Siyavush Novruzov, ruling ""Yeni Azerbaijan"" party: ""If the conflict is not solved in the near future, then the incidents similar to the one happened in Budapest may happen everywhere where there are Armenians and Azerbaijanis, including the Council of Europe"". (Source: ""Zerkalo"", 27 February, 2004).
The young members of the Azerbaijani terrorist ""Organization for Liberation of Karabakh"" marched in the downtown Baku holding banners with the words ""Well done Ramil"".
Over 50 Azerbaijani government-sponsored NGO's organized a ""Committee for the Defense of Ramil Safarov"". One of the members of this committee unfortunately suggested to name new-born babies after him.",,,,,,
sample,unpc-single-0083,single,accepted,,ar->en,What is the name of the country to which the interim report of the independent expert was referred in subparagraph (a)?,ما هو اسم الدولة التي أُحيل إليها التقرير المؤقت للخبير المستقل في البند الفرعي (أ)؟,,,Burundi,بوروندي,"Under sub-item (c):
(a) Note by the Secretary-General transmitting the interim report of the independent expert on the situation of human rights in Burundi;
(b) Note by the Secretary-General transmitting the report of the Special Rapporteur on the situation of human rights in the Palestinian territories occupied since 1967;
(c) Note by the Secretary-General transmitting the report of the independent expert on the situation of human rights in the Democratic Republic of the Congo;
(d) Note by the Secretary-General transmitting the report of the Special Rapporteur on the situation of human rights in the Sudan.
Under sub-item (e):
Report of the Secretary-General on the status of the Convention on the Rights of Persons with Disabilities and the Optional Protocol thereto.","في إطار البند الفرعي (ج):
(أ) مذكرة من الأمين العام يحيل بها التقرير المؤقت للخبير المستقل المعني بحالة حقوق الإنسان في بوروندي(15)؛
(ب) مذكرة من الأمين العام يحيل بها تقرير المقرر الخاص المعني بحالة حقوق الإنسان في الأراضي الفلسطينية المحتلة منذ عام 1967(16)؛
(ج) مذكرة من الأمين العام يحيل بها تقرير الخبير المستقل المعني بحالة حقوق الإنسان في جمهورية الكونغو الديمقراطية(17)؛
(د) مذكرة من الأمين العام يحيل بها تقرير المقرر الخاص المعني بحالة حقوق الإنسان في السودان(18).
في إطار البند الفرعي (هـ):
تقرير الأمين العام عن حالة اتفاقية حقوق الأشخاص ذوي الإعاقة وبروتوكولها الاختياري(19).",,,,,,
sample,unpc-single-0084,single,accepted,,en->ar,Where did the improvised explosive device suicide attack by opposing militant forces occur?,أين وقع هجوم الانتحار باستخدام جهاز متفجر مرتجل من قبل القوات المسلحة المعارضة؟,,,Serena hotel in Kabul,فندق سيرينا، في كابل,"3. The operational focus has been to maintain pressure on opposing militant forces while maturing partnered relationships with the Afghan National Security Forces. The Afghan National Army has continued to grow in both size and capability. Combined operations, specifically in the southern and eastern regions, have served to challenge the intentions of the opposing militant forces and develop a more competent Afghan Army.
4. ISAF continued to build momentum by sustaining a high operational tempo in the winter months. The Afghan National Security Forces were given greater responsibility in the planning and execution of operations. ISAF, in partnership with the security forces, will continue to conduct operations to expand the authority of the Government and provide security in order to facilitate reconstruction and development by the international community.
Security situation
5. Over the reporting period activity of the opposing militant forces throughout Afghanistan was influenced by severe winter weather conditions as well as successful ISAF and coalition operations. Owing to those factors, the opposing militant forces primarily concentrated on attacks using improvised explosive devices. An exception to this pattern is the improvised explosive device suicide attack on the Serena hotel in Kabul. The opposing militant forces are expected to continue to attempt such attacks in the future. Regional security situations are as follows:","3 - وركزت العمليات على مواصلة الضغط على قوات المتمردين المعارضة، مع تمتين علاقات الشراكة في الوقت نفسه مع القوات الأمنية الوطنية الأفغانية. وتواصل نمو الجيش الوطني الأفغاني من حيث الحجم والقدرات على السواء. وأسهمت العمليات المشتركة، ولا سيما في المنطقتين الجنوبية والشرقية، في دحر نوايا قوات المتمردين المعارضة والارتقاء بكفاءة الجيش الأفغاني.
4 - وواصلت القوة الدولية بناء الزخم بالحفاظ على سرعة وتيرة العمليات على مدار شهور فصل الشتاء. وأُسندت مسؤوليات أكبر إلى القوات الأمنية الوطنية الأفغانية في مجال تخطيط العمليات وتنفيذها. وستواصل القوة الدولية، بالشراكة مع القوات الأمنية الوطنية الأفغانية، إجراء عمليات ترمي إلى بسط سلطة الحكومة وإحلال الأمن، تيسيراً لأعمال التعمير والتنمية التي يقوم بها المجتمع الدولي.
الحالة الأمنية
5 - على امتداد الفترة المشمولة بالتقرير، تأثر نشاط قوات المتمردين المعارضة في جميع أنحاء أفغانستان من جراء قسوة الأحوال الجوية في فصل الشتاء، إضافة إلى العمليات الناجحة التي تنفذها القوة الدولية بمعية قوات التحالف. وبسبب تلك العوامل، ركزت قوات المتمردين المعارضة أساسا على شن هجمات باستخدام أجهزة متفجرة مرتجلة. ولم يشذ عن هذا النمط سوى الهجمة الانتحارية التي شُنّت على فندق سيرينا، في كابل. ومن المتوقع أن تواصل قوات المتمردين المعارضة محاولة شن هجمات من هذا القبيل في المستقبل. ويرد فيما يلي بيان بالأوضاع الأمنية الإقليمية:",,,,,,
sample,unpc-single-0086,single,accepted,,ar->en,How many current trainees are there at the Kosovo Police School?,كم عدد المتدربين الحاليين في مدرسة شرطة كوسوفو؟,,,575 field trainees,575,"10. On the same day, the Mission visited the Kosovo Police School at Vucitrn. The Mission was briefed on the progress in training of the future members of the Kosovo Police Service (currently 575 field trainees are deployed in all five regions of Kosovo), and was shown the school's extensive refurbished facilities. The Mission learned about the procedures for selection and screening of future local police officers, in which particular emphasis is placed on efforts to recruit from minority communities (currently some 11 per cent of students are non-Albanian) and to include at least 20 per cent female representation in the Kosovo Police Service. It is expected that 4,000 recruits will have completed the initial basic training course and will be deployed to field training with UNMIK Police by 1 July 2001. No ethnic tensions have been encountered within the Kosovo Police School, where classes are taught in both the Serb and Albanian languages, and examples of close interaction and joint work among the trainees were emphasized. Human rights education is an integral part of training.",10 - وفي اليوم نفسه، زارت البعثة مدرسة شرطة كوسوفو في فوسيترن. وأحيطت البعثة علما بالتقدم المحرز في مجال تدريب الأفراد الجدد الذين سينضمون إلى دائرة شرطة كوسوفو (يوجد حاليا 575 متدربا منتشرين في الميدان في المناطق الخمس التي تتألف منها كوسوفو)، وقامت بزيارة مرافق المدرسة التي أعيد تجديدها وفرشها. واطلعت البعثة على الإجراءات المتبعة في اختيار مرشحي أفراد الشرطة المحليين، التي يجري فيها التركيز بوجه خاص على السعي إلى الاختيار من طوائف الأقليات (يوجد حاليا 11 في المائة من الطلاب من غير الألبان) وإلى ضم ما لا يقل على 20 في المائة من النساء في دائرة شرطة كوسوفو. ويتوقع أن ينهي 4 000 من العناصر المجندة دورة التدريب الأساسي الأولية، وسيجري نشرهم لتلقــــي التدريب الميدانــــي مع شرطة بعثة الأمم المتحدة للإدارة الانتقالية في كوسوفو بحلول 1 تموز/ يوليه 2001. ولم يلاحظ وجود أي توترات إثنية ضمن مدرسة شرطة كوسوفو حيث تلقى المحاضرات باللغتين الصربية والألبانية على السواء، وتم التشديد على أمثلة للتفاعل الشديد والأعمال المشتركة بين المتدربين. وتمثل التوعية في مجال حقوق الإنسان جزءا لا يتجزأ من التدريب.,,,,,,
sample,unpc-single-0087,single,accepted,,ar->en,What is the name of the lady who spoke about the importance of China for African issues?,ما اسم السيدة التي تحدثت عن أهمية الصين للقضايا الأفريقية؟,,,Ms. Sun Mingin,سون مينغن,"14. Ms. Sun Mingin (China) said that the importance which China attached to African issues, especially the maintenance of peace and security, was well known. Since the signing of the Lomé Peace Agreement China had always advocated that the United Nations should respond as quickly as possible to support the peace process in Sierra Leone. It fully supported UNOMSIL and UNAMSIL and believed that adequate finance must be provided for the implementation of the mandate given by the Security Council. An effort should be made to recruit as many local staff as possible.
15. Her delegation was concerned to learn from paragraph 24 of the ACABQ report (A/54/647) that no provision had been made in the proposed budget for demining activities and it would welcome an explanation from the Secretariat.","14 - السيدة سون مينغن (الصين): قالت إن الأهمية التي تعلقها الصين على القضايا المتعلقة بأفريقيا، ولا سيما صون السلم والأمن، معروفة جيدا. ومنذ التوقيع على اتفاق لومي للسلام والصين تدعو إلى أن تستجيب الأمم المتحدة بأسرع ما يمكن لدعم عملية إقرار السلم في سيراليون. كما تؤيد بشدة بعثة مراقبي الأمم المتحدة في سيراليون، وبعثة الأمم المتحدة في سيراليون وتعتقد أنه من الواجب توفير التمويل الكافي لتنفيذ الولاية التي أقرها مجلس الأمن. وينبغي السعي إلى استخدام موظفين محليين بقدر الإمكان.
15 - أضافت قائلة إن وفدها يشعر بالقلق لأنه علم من الفقـــــرة 24 مـن تقرير اللجنة الاستشارية (A/54/647) أنه لم ترصد في الميزانية المقترحة اعتمادات لأنشطة إزالة الألغام، ويود بالتالي الحصول على تفسير من الأمانة العامة لذلك.",,,,,,
filtered,attempt-bridge-0,bridge,context_reference,,en->ar,Which document will present the summaries of the replies received from the international organizations mentioned in the report cited in agenda item 58 about implementing the Declaration on the Granting of Independence?,,,,,,"Agenda item 58: Implementation of the Declaration on the Granting of Independence to Colonial Countries and Peoples by the specialized agencies and the international institutions associated with the United Nations (continued) (A/67/23 (chaps. VI and XII) and Corr.1, and A/67/64)
Agenda item 59: Offers by Member States of study and training facilities for inhabitants of Non-Self-Governing Territories (continued) (A/67/74)
Agenda item 60: Implementation of the Declaration on the Granting of Independence to Colonial Countries and Peoples (Territories not covered under other items) (continued) (A/67/23 (chaps. VIII, IX, X, and XII) and Corr.1)
19. Mr. Vidal (Uruguay) said that his delegation associated itself with statements made on behalf of the Community of Latin American and Caribbean States, the Union of South American Nations, and the Southern Common Market (MERCOSUR) and associated States, and said that the Committee's significant achievements in decolonization should spur it on to complete the still-pending task of ensuring that the right to self-determination would finally be exercised by the handful of people who were still deprived of it. That right should be enjoyed in a framework of democracy, peace and full respect for human rights.

---

United Nations Children's Fund
World Food Programme
World Tourism Organization
World Trade Organization
African Union
Caribbean Community
Caribbean Development Bank
Community of Sahelo-Saharan States
Organization of American States
Organization of Eastern Caribbean States
Pacific Islands Forum
3. Summaries of the replies received from the international organizations concerned in response to the above-mentioned letter will be presented in document E/2012/47.
4. Summaries of additional replies received, together with such further information as may become available on relevant activities undertaken by the organizations concerned during the year, will be published in addenda to the report mentioned in paragraph 3 above.
5. In addition, the Secretary-General drew the attention of various departments and other units of the Secretariat to the resolution. Information received in that regard will also be included in the above-mentioned report.","البند 58 من جدول الأعمال: تنفيذ الوكالات المتخصصة والمؤسسات الدولية المرتبطة بالأمم المتحدة إعلان منح الاستقلال للبلدان والشعوب المستعمرة (تابع) (A/67/23 (الفصلان السادس والثاني عشر) A/67/64 و Corr.1)
البند 59 من جدول الأعمال: التسهيلات الدراسية والتدريبية المعروضة من الدول الأعضاء لصالح سكان الأقاليم غير المتمتعة بالحكم الذاتي (تابع) (A/67/74)
البند 60 من جدول الأعمال: تنفيذ إعلان منح الاستقلال للبلدان والشعوب المستعمرة (المناطق غير المشمولة ببنود أخرى) (تابع) (A/67/23 (الفصول الثامن والتاسع والعاشر والثاني عشر) و Corr.1)
19 - السيد فيدال (أوروغواي): قال إن وفده يؤيد البيانات التي جرى الإدلاء بها نيابة عن مجموعة بلدان أمريكا اللاتينية ومنطقة البحر الكاريبي، واتحاد أمم أمريكا الجنوبية، وبلدان السوق المشتركة للمخروط الجنوبي والدول المنتسبة، وإن الإنجازات الهامة التي حققتها اللجنة في مجال إنهاء الاستعمار تحفّزها على أن تستكمل المهمة التي لا تزال معلّقة وهي ضمان ممارسة حق تقرير المصير في نهاية المطاف من جانب حفنة من الأشخاص. وينبغي أن يكون التمتُّع بهذا الحق في إطار الديمقراطية والسلام والاحترام الكامل لحقوق الإنسان.

---

منظمة الأمم المتحدة للطفولة
برنامج الأغذية العالمي
منظمة السياحة العالمية
منظمة التجارة العالمية
الاتحاد الأفريقي
الجماعة الكاريبية
مصرف التنمية الكاريبي
تجمع دول الساحل والصحراء
منظمة الدول الأمريكية
منظمة دول شرق البحر الكاريبي
منتدى جزر المحيط الهادئ
3 - وسترد موجزات الردود الواردة من المنظمات الدولية المعنية على الرسالة المذكورة أعلاه في الوثيقة E/2012/47.
4 - وستُنشر موجزات الردود الإضافية الواردة، مشفوعة بما قد يستجد من معلومات حسب توافرها بشأن الأنشطة ذات الصلة التي اضطلعت بها المنظمات المعنية خلال العام، في إضافات للتقرير المذكور في الفقرة 3 أعلاه.
5 - وبالإضافة إلى ذلك، وجّه الأمين العام انتباه مختلف الإدارات والوحدات الأخرى في الأمانة العامة إلى القرار. وستُدرج المعلومات الواردة في هذا الصدد أيضا في التقرير المذكور أعلاه.",,,,,,
filtered,attempt-comparison-9,comparison,context_reference,,ar->en,,أي دورة لديها رقم أعلى: الدورة الثالثة للجنة التحضيرية المذكورة في الوثيقة السويدية أم الدورة التاسعة والخمسين المذكورة في القرار المتعلق بجنوب شرق أوروبا؟,,,,,"The Permanent Mission of Sweden to the United Nations requests the Secretariat to circulate this document to delegations of the United Nations as a document of the Preparatory Committee for the United Nations Conference on the Illicit Trade in Small Arms and Light Weapons in All Its Aspects, so that it may be considered at its third session, scheduled to be held from 19 to 30 March 2001.
Comments of the European Union on the Chairman's revised Draft Programme of Action on Small Arms (A/CONF.192/PC/L.4/Rev.1)
1. The European Union welcomes the revised Draft Programme of Action (A/CONF.192/PC/L.4/Rev.1) and expresses its appreciation to the Chairman for this timely contribution to the work of the Preparatory Committee. The European Union supports the general thrust of the document, which will serve as a good basis from which to develop the future work of the Preparatory Committee. The revised version is shorter and more concise, and has the advantage of translating political principles into an operative Programme of Action that focuses on the problems raised by small arms and light weapons specifically designed, manufactured or modified for military use. In this context, the Union would like to reiterate that it is looking for one document in which the political commitments are outlined in a preamble.

---

15. Recognizes the seriousness of the problem of anti-personnel mines in some parts of South-Eastern Europe, welcomes in this context the efforts of the international community in support of mine action, and encourages States to join and support these efforts;
16. Urges all States to take effective measures against the illicit trade in small arms and light weapons in all its aspects and to help programmes and projects aimed at the collection and safe destruction of surplus stocks of small arms and light weapons, and stresses the importance of closer cooperation among States, inter alia, in crime prevention, combating terrorism, trafficking in human beings, organized crime, drug trafficking and money-laundering;
17. Calls upon all States and the relevant international organizations to communicate to the Secretary-General their views on the subject of the present resolution;
18. Decides to include in the provisional agenda of its fifty-ninth session the item entitled ""Maintenance of international security - good-neighbourliness, stability and development in South-Eastern Europe"".","وترجو البعثة الدائمة للسويد لدى الأمم المتحدة أن تعمل الأمانة العامة على تعميم هذه الوثيقة على وفود الدول الأعضاء في الأمم المتحدة كوثيقة من وثائق اللجنة التحضيرية لمؤتمر الأمم المتحدة المعني بالاتجار غير المشروع بالأسلحة الصغيرة والأسلحة الخفيفة من جميع جوانبه، بحيث يمكن النظر فيها في الدورة الثالثة للجنة، المقرر عقدها في الفترة من 19 إلى 30 آذار/مارس 2001.
تعليقات الاتحاد الأوروبي على المشروع المنقح الذي تقدم به الرئيس لبرنامج العمل المتعلق بالأسلحة الصغيرة (A/CONF.192/PC/L.4/Rev.1)
1 - يرحب الاتحاد الأوروبي ببرنامج العمل المنقح (A/CONF.192/PC/L.4/Rev.1)، ويعرب عن تقديره للرئيس لهذه المساهمة التي جاءت في الوقت المناسب في عمل اللجنة التحضيرية. ويؤيد الاتحاد الأوروبي التوجه العام للوثيقة، التي ستشكل أساسا جيدا يمكن الانطلاق منه في تطوير عمل اللجنة التحضيرية مستقبلا. والصيغة المنقحة أقصر وأكثر إحكاما، وتحقق ميزة ترجمة المبادئ السياسية إلى برنامج عمل عملي يركز على المشاكل التي تثيرها الأسلحة الصغيرة والأسلحة الخفيفة التي يتم تصميمها أو تصنيعها أو تعديلها خصيصا من أجل الاستخدام العسكري. ويود الاتحاد الأوروبي، في هذا الصدد، أن يكرر الإعراب عن موقفه المتمثل في أنه يتطلع إلى وثيقة واحدة تحدد ديباجتها المبادئ السياسية.

---

15 - تسلم بخطورة مشكلة الألغام المضادة للأفراد في بعض أنحاء جنوب شرق أوروبا، وترحب في هذا الصدد بما يبذله المجتمع الدولي من جهود لدعم الإجراءات المتعلقة بالألغام، وتشجع الدول على الانضمام إلى هذه الجهود ودعمها؛
16 - تحث جميع الدول على اتخاذ تدابير فعالة لمكافحة الاتجار غير المشروع بالأسلحة الصغيرة والأسلحة الخفيفة من جميع جوانبه، وعلى مساعدة البرامج والمشاريع الرامية إلى جمع الأسلحة الصغيرة والأسلحة الخفيفة والتدمير المأمون للفائض من مخزونها، وتؤكد أهمية توثيق التعاون فيما بين الدول في جملة مجالات منها منع الجريمة، ومكافحة الإرهاب، والاتجار بالبشر، والجريمة المنظمة، والاتجار بالمخدرات، وغسل الأموال؛
17 - تهيب بجميع الدول والمنظمات الدولية ذات الصلة أن توافي الأمين العام بآرائها بشأن موضوع هذا القرار؛
18 - تقرر أن تدرج في جدول الأعمال المؤقت لدورتها التاسعة والخمسين البند المعنون ""صون الأمن الدولي - علاقات حسن الجوار والاستقرار والتنمية في جنوب شرق أوروبا"".",,,,,,
filtered,attempt-numeric-7,numeric,context_reference,,ar->en,,كم عدد الهكتارات التي ذكرها النص في مشروع إعادة التحريج؟,,,,,"2. Launching of reforestation and afforestation programmes
90. Only one country reports a reforestation project covering 7,000 hectares of eroded soils and moving sands.
3. Development of early warning systems for
91. A few countries supplied very brief information on this issue, others none. The importance of drought forecasting as a part of programmes for the integrated use of water resources was underlined in one of the reports.
4. Desertification monitoring and assessment
92. The details on this issue contained in the reports are very brief. Only one country lists various indicators used in monitoring processes of degradation related to wind and water erosion, landslides, land salinization and pollution. One of the reports indicates that the development of new environmental monitoring methods is a priority part of desertification control.","2- بدء برامج للتحريج/إعادة التحريج وتكثيف برامج صون التربة
90- لم يشر سوى بلد واحد إلى مشروع لإعادة تحريج 7 000 هكتار في أراض تعرضت للتحات ورمال متحركة.
3- وضع نظم للإنذار المبكر فيما يتصل بالأمن الغذائي والتنبؤ بالجفاف
91- قدمت بعض البلدان معلومات موجزة للغاية عن هذه المسألة، بينما لم تتطرق بلدان أخرى إلى ذلك على الإطلاق. وأشار أحد التقارير إلى أهمية التنبؤ بالجفاف في إطار وضع البرامج المتكاملة لاستخدام الموارد المائية.
4- رصد وتقييم عملية التصحر
92- كانت المؤشرات الواردة في التقارير بشأن هذا الموضوع مختصرة للغاية. وعدد بلد واحد فقط مؤشرات مختلفة لرصد التدهور المرتبط بالتحات الريحي والمائي، وانهيال الأرض، وملوحة الأراضي والتلوث. وأشار تقرير إلى أن استحداث طرق للرصد الإيكولوجي يشكل أحد الأنشطة التي تحظى بالأولوية في إطار مكافحة التصحر.",,,,,,
filtered,attempt-numeric-11,numeric,context_reference,,ar->en,,كم عدد الفلسطينيين الذين قُتلوا حتى اليوم وفقًا للوثيقة؟,,,,,"As of today -- and not taking into account the recovery efforts under way, in which rescue workers continue to pull dead civilians from the rubble of demolished homes -- more than 1,940 Palestinians have been killed, of whom at least 1,400 were civilians, among them 467 children, 243 women and 87 elderly persons, and nearly 10,000 Palestinians have been injured, including at least 3,009 children, 1,912 women and 359 elderly, by the Israeli occupying forces in the recent military aggression. Using all means of military weaponry, the occupying Power has deliberately unleashed excessive, indiscriminate and disproportionate force against the defenceless civilian population in the Gaza Strip. These brutal killings and injuries were clearly committed by Israel in grave breach of international humanitarian law, which forbids, inter alia, wilful killing and the wilful infliction of great suffering or serious injury to the body or health of protected persons.",وإذا لم نأخذ في الحسبان عدد القتلى المدنيين الذين يواصل عمال الإسعاف انتشال جثامينهم من تحت أنقاض المنازل المهدمة، في إطار جهود الإنقاذ التي يبذلونها حاليا، فقد بلغ عدد الفلسطينيين الذين قُتلوا لغاية اليوم 1 940 فلسطينيا، منهم ما لا يقل عن 1 400 من المدنيين، من بينهم 467 طفلا و 243 امرأة و 87 من كبار السن، وما يقرب من 10 000 فلسطيني أُصيبوا بجروح على يد قوات الاحتلال الإسرائيلي في العدوان العسكري الأخير، بمن فيهم ما لا يقل عن 3 009 أطفال و 1 912 امرأة و 359 من كبار السن. وقد استخدمت السلطة القائمة بالاحتلال كل ما في جعبتها من وسائل وأسلحة عسكرية ضد السكان المدنيين العزَّل في قطاع غزة مطلقة العنان عمدا للقوة المفرطة والعشوائية وغير المتناسبة ضدهم. ومن الواضح أن إسرائيل ارتكبت عمليات القتل والإصابات الوحشية هذه في انتهاك جسيم للقانون الإنساني الدولي الذي يحظر، في جملة أمور، القتل العمد، أو التعمّد في إحداث آلام شديدة أو إلحاق أذى جسيم بالسلامة البدنية أو بصحة الأشخاص المحميين.,,,,,,
filtered,attempt-numeric-29,numeric,context_reference,,ar->en,,كم عدد الأشخاص المشردين داخل جورجيا وفقًا للوثيقة؟,,,,,"In addition, the Representative envisaged visiting Pakistan and remains committed to engaging with the Government to ensure adequate support and protection of all persons of concern to his mandate in Pakistan.
1. Georgia
39. In the aftermath of the South Ossetia conflict, the Representative visited Georgia from 1 to 4 October 2008. As a result of the hostilities that escalated on 7 and 8 August 2008, some 133,000 persons became displaced within Georgia. A large majority were able to return to the Shida Karli region and areas adjacent to the administrative border with the Tskhinvali region/South Ossetia until the end of 2008. Their main needs related to the challenge of recovery after return, including safety (such as humanitarian mine clearance) and the re-establishment of law and order. The reconstruction and repair of destroyed or looted houses, humanitarian assistance, and the re-establishment of basic services, such as education and health, were important concerns, as was the resumption of economic activities.","كما يعتزم الممثل زيارة باكستان ولا يزال ملتزما بالمشاركة مع الحكومة في كفالة توفير القدر الكافي من الدعم والحماية لجميع الأشخاص ذوي الأهمية لولايته في باكستان.
1 - جورجيا
39 - في أعقاب نزاع أوسيتيا الجنوبية، زار الممثل جورجيا في الفترة من 1 إلى 4 تشرين الأول/أكتوبر 2008(). ونتيجة لتصاعد الأعمال الحربية يومي 7 و 8 آب/أغسطس 2008، أصبح نحو 133 000 شخص مشردين داخل جورجيا. وتمكنت أغلبية كبيرة من العودة إلى منطقة شيدا كارلي والمناطق المتاخمة للحدود الإدارية مع منطقة
تسخنفالي/أوسيتيا الجنوبية حتى نهاية عام 2008. وترتبط الاحتياجات الأساسية لهؤلاء الأشخاص بالتحدي المتمثل في التعافي بعد العودة، بما في ذلك السلامة (كإزالة الألغام لأغراض إنسانية) واستعادة القانون والنظام. ومن الشواغل الهامة إعادة بناء المنازل المدمرة أو المنهوبة وترميمها، وتقديم المساعدة الإنسانية، وتوفير الخدمات الأساسية من جديد كالتعليم والصحة، وكذلك استئناف الأنشطة الاقتصادية.",,,,,,
filtered,attempt-numeric-37,numeric,context_reference,,ar->en,,كم عدد محلات سلسلة محلات ٧‑١١ التي تم ذكرها في النص؟,,,,,"Cisco is a partner of UNDP in the launching of NetAid (http://www.cisco.com). The National Software Society in India has set up computer access to the Internet in hundreds of villages, providing video communication with relatives in the city and other access services on a fee basis. In Thailand, the 7-11 chain of convenience stores, now counting 1,500 and expanding at a rate of 200 a month, has decided to provide IT services to communities and individuals in all its outlets.
Future directions for human resources development
17. These examples display some common key features and emerging principles. They tend to be societal strategies, seeking to transform the whole society into a learning, knowledge-based society. They seek to provide universal random access to learning opportunities — access by anyone, to anything, anywhere, anytime, anyway. They rely on demand-driven learning-by-doing rather than on costly supply-driven outlays of resources. They empower people and communities to choose their own paths of development, growth, learning and transformation within national frameworks set by visions, values and policies. They aim at leapfrogging into the information age of the twenty-first century, rather than at labouriously gearing up for competition in the industrialized world of the present century.","وشركة سيسكو شريكة لبرنامج اﻷمم المتحدة في تدشين موقع نيت ايد )Netaid( على شبكة اﻹنترنت )http://www.cisco.com(. وقد نفذت شركة البرامج الوطنية في الهند وصول الحواسيب إلى شبكة اﻹنترنت في مئات من القرى، ووفرت اﻻتصال المرئي مع اﻷقارب في المدينة وخدمات الوصول اﻷخرى مقابل دفع رسوم. وفي تايلند، قررت سلسلة محﻻت ٧ - ١١، البالغ عددها ١ ٥٠٠ والتي تتسع بمعدل ٢٠٠ محل شهريا، توفير خدمات تكنولوجيا المعلومات للجماعات واﻷفراد في جميع منافذها.
اتجاهات تنمية الموارد البشرية في المستقبل
٧١ - تبدي هذه اﻷمثلة بعض السمات المشتركة اﻷساسية والمبادئ الناشئة. فهي تتجه إلى أن تكون استراتيجيات مجتمعية، تسعى إلى تحويل المجتمع بأكمله إلى مجتمع للتعلم القائم على المعرفة. وتحاول إتاحة إمكانية وصول الجميع عشوائيا إلى فرص التعليم، أي وصول أي فرد ﻷي شيء في أي مكان أو أي زمان. وتعتمد على التعلم بالممارسة بدافع الطلب وليس على إنفاق مكلف للموارد بدافع العرض. وهي تمكن الناس والجماعات من اختيار طريقهم الخاص إلى التنمية والنمو والتعلم والتحول ضمن أطر وطنية تحددها الرؤى والقيم والسياسات. وتهدف إلى التقدم على دفعات نحو عصر المعلومات للقرن ٢١، بدﻻ من السعي الحثيث إلى التنافس في العالم الصناعي للقرن الحالي.",,,,,,
filtered,attempt-numeric-46,numeric,context_reference,,ar->en,,ما هو المبلغ الإجمالي للتكاليف المرتبطة بالمخطط العام وفقًا للوثيقة؟,,,,,"V. Actions to be taken by the General Assembly
23. The General Assembly is requested to take the following actions:
(a) To approve the overall level of associated costs estimated at $185,997,400 gross ($176,569,000 net);
(b) To approve the total associated costs for the biennium 2008-2009 in the amount of $35,816,700 (net) broken down as follows: an amount of $995,300 under section 2, General Assembly and Economic and Social Council affairs and conference management; $3,823,100 under section 27, Public information; $14,441,500 under section 28D, Office of Central Support Services; $4,521,600 under section 32, Construction, alteration, improvement and major maintenance; $12,035,200, under section 33, Safety and security; and $2,374,500 under section 35, Staff assessment, to be offset by an equivalent amount of income under income section 1, Income from staff assessment, of the programme budget for the biennium 2008-2009;","خامسا - الإجراءات المطلوب من الجمعية العامة اتخاذها
23 - يطلب من الجمعية العامة اتخاذ الإجراءات التالية:
(أ) الموافقة على المستوى الإجمالي للتكاليف المرتبطة بالمخطط العام المقدرة بمبلغ إجماليه 185 997 400 دولار (صافيه 176 569 000 دولار)؛
(ب)الموافقة على مجموع التكاليف المرتبطة بالمخطط لفترة السنتين 2008-2009 البالغة 35 816 700 دولار (صافي) موزعة على النحو التالي: اعتماد مبلغ 995 300 دولار، في إطار الباب 2، شؤون الجمعية العامة والمجلس الاقتصادي والاجتماعي وإدارة المؤتمرات؛ ومبلغ 3 823 100 دولار في إطار الباب 27، شؤون الإعلام؛ ومبلغ 14 441 500 دولار في إطار الباب 28 دال، مكتب خدمات الدعم المركزي؛ ومبلغ 4 521 600 دولار في إطار الباب 32، التشييد والتعديلات والتحسينات وأعمال الصيانة الرئيسية؛ ومبلغ 12 035 200 دولار، في إطار الباب 33، السلامة والأمن؛ ومبلغ 2 374 500 دولار في إطار الباب 35، الاقتطاعات الإلزامية من مرتبات الموظفين، على أن يقابل ذلك مبلغ معادل في إطار باب الإيرادات 1، الإيرادات الآتية من الاقتطاعات الإلزامية من مرتبات الموظفين من الميزانية البرنامجية لفترة السنتين 2008-2009؛",,,,,,
filtered,attempt-numeric-48,numeric,context_reference,,ar->en,,كم عدد الأشخاص الذين أصيبوا في قطاع غزة نتيجة الهجمات وفقًا للوثيقة؟,,,,,"The Non-Aligned Movement reiterates that this brutal Israeli military aggression against the Palestinian civilian population in the Gaza Strip constitutes a grave breach of international law, including humanitarian and human rights law, and is causing considerable suffering among the Palestinian civilian population, fuelling the cycle of violence and threatening international peace and security as well as the fragile peace process between the two sides.
The Non-Aligned Movement reiterates its deep regret over the considerable loss of innocent lives and injuries to Palestinian civilians as a result of this brutal Israeli military campaign as well as over the extensive destruction of homes, properties and infrastructure in the Gaza Strip. In this regard, the Non-Aligned Movement expresses its deepest condolences to the grieving Palestinian people as they mourn the loss of more than 900 Palestinians, including more than 280 children, and the more than 4,000 Palestinians injured, including more than 1,200 children, by the occupying forces in the Gaza Strip.","وتعيد الحركة تأكيد أن هذا العدوان العسكري الإسرائيلي الوحشي ضد السكان الفلسطينيين المدنيين في قطاع غزة يشكل انتهاكا جسيما للقانون الدولي، وبخاصة القانون الإنساني وقانون حقوق الإنسان، ويسبب معاناة كبيرة للسكان الفلسطينيين المدنيين حيث إنه يغذي حلقة العنف ويهدد السلام والأمن الدوليين، وكذلك العملية الهشة لإحلال السلام بين الطرفين.
وتعيد الحركة الإعراب عن أسفها العميق إزاء ضخامة عدد القتلى الأبرياء والمصابين في صفوف المدنيين جراء هذه الحملة العسكرية الإسرائيلية الوحشية، وإزاء الدمار الكبير الذي لحق بالمنازل والممتلكات والهياكل الأساسية في قطاع غزة. وفي هذا الصدد، تعرب الحركة عن أعمق مشاعر التعازي للشعب الفلسطيني المفجوع الذي بلغ عدد قتلاه أكثر من 900 شخص من بينهم أكثر من 280 طفلا، بينما بلغ عدد الذين أصيبوا من أبنائه أكثر من 4 000 شخص، من بينهم أكثر من 1 200 طفل جراء هجمات قوات الاحتلال في قطاع غزة.",,,,,,
filtered,attempt-single-3,single,context_reference,,ar->en,,من أي دولة ينتمي السيد شيفيش المذكور في الوثيقة؟,,,,,"Title
2. The draft title was adopted.
Preamble
3. The draft preamble was adopted.
Chapter I. Sphere of application
Articles 1 to 3
4. Draft articles 1 to 3 were adopted.
Chapter II. General provisions
Articles 4 to 7
5. Draft articles 4 to 7 were adopted.
Chapter III. Use of electronic communications in international contracts
Articles 8 to 14
6. Draft articles 8 to 14 were adopted.
Chapter IV. Final provisions
Articles 15 to 19
7. Draft articles 15 to 19 were adopted.
8. Article 20. Communications exchanged under other international conventions
9. Mr. Schöfisch (Germany), supported by Mr. Burman (United States), proposed that, in the interests of consistency with the wording of draft article 1, the words ""contract or agreement"" should be replaced with the word ""contract"" wherever they appeared in paragraphs 1 to 4 of draft article 20.","العنوان
2- اعتمد مشروع العنوان.
الديباجة
3- اعتمد مشروع الديباجة.
الفصل الأول- مجال الانطباق
المواد من 1 إلى 3
4- اعتمدت مشاريع المواد من 1 إلى 3.
الفصل الثاني-أحكام عامة
المواد من 4 إلى 7
5- اعتمدت مشاريع المواد من 4 إلى 7.
الفصل الثالث- استخدام الخطابات الإلكترونية في العقود الدولية
المواد من 8 إلى 14
6- اعتمدت مشاريع المواد من 8 إلى 14.
الفصل الرابع- أحكام ختامية
المواد من 15 إلى 19
7- اعتمدت مشاريع المواد من 15 إلى 19.
8- المادة 20- الخطابات المتبادلة بمقتضى الاتفاقيات الدولية الأخرى.
9- السيد شيفيش (ألمانيا)، أيّده السيد بيرمان (الولايات المتحدة الأمريكية): اقترح في سبيل الاتساق مع صياغة المادة 1، أن يُستعاض عن عبارة ""عقد أو اتفاق""، حيثما وردت في الفقرات من 1 إلى 4 في مشروع المادة 20، بكلمة ""عقد"".",,,,,,
filtered,attempt-single-5,single,context_reference,smoke #5: 'according to the mentioned decision' (filter extended afterwards),ar->en,,من الذي يُقترح أن يرأس الفريق العامل وفقاً للقرار المذكور؟,,,,,"6. It was so decided.
7. The Chairman recalled that in accordance with General Assembly resolution 57/28 the Ad Hoc Committee established under resolution 56/89 had reconvened in March 2003 to continue the discussion on measures to enhance the existing protective legal regime for United Nations and associated personnel. He took it that the Committee wished to establish a working group chaired by Mr. Wenaweser (Liechtenstein) to continue the work of the Ad Hoc Committee and that the working group would be open, like the Ad Hoc Committee, to all States Members of the United Nations or members of specialized agencies or of the International Atomic Energy Agency.
8. It was so decided.
9. The Chairman recalled that the General Assembly, in its resolution 57/27, had decided that the work of the Ad Hoc Committee established by resolution 51/210, whose most urgent task was to elaborate a draft comprehensive convention on international terrorism, should continue, if necessary, during the fifty-eighth session within the framework of a working group of the Sixth Committee. The Ad Hoc Committee itself had also recommended the establishment of such a working group. He suggested that the Committee should briefly postpone a decision on the matter until it could consult with the Chairman of the Ad Hoc Committee.","6 - تقرر ذلك.
7 - الرئيس: أشار إلى أنه وفقاً لقرار الجمعية العامة 57/28 عادت اللجنة المخصصة المنشأة بموجب القرار 56/89 إلى عقد اجتماعها في آذار/مارس 2003 لمواصلة المناقشة في التدابير الرامية إلى تعزيز النظام القانوني القائم لحماية موظفي الأمم المتحدة والأفراد المرتبطين بها. وهو يعتبر أن اللجنة ترغب في انشاء فريق عامل يرأسه السيد ويناويزر (لختنشتاين) لمواصلة عمل اللجنة المخصصة وأن يكون الانضمام إلى الفريق العامل مفتوحاً، شأنه شأن اللجنة المخصصة، أمام جميع الدول الأعضاء في الأمم المتحدة أو الأعضاء في الوكالات المتخصصة أو في الوكالة الدولية للطاقة الذرية.
8 - تقرر ذلك.
9 - الرئيس: أشار إلى أن الجمعية العامة، في قرارها 57/27 قررت استمرار عمل اللجنة المخصصة المنشأة بموجب القرار 51/210، والتي أهم أعمالها هو وضع مشروع اتفاقية شاملة بشأن الإرهاب الدولي، حسب الاقتضاء خلال الدورة الثامنة والخمسين في إطار فريق عامل تابع للجنة السادسة. كذلك أوصت اللجنة المخصصة ذاتها بإنشاء ذلك الفريق العامل. وهو يقترح أن ترجئ اللجنة إلى أجل قصير اتخاذ قرار بشأن هذه المسألة إلى أن تتمكن من التشاور مع رئيس اللجنة المخصصة.",,,,,,
filtered,attempt-single-22,single,context_reference,,en->ar,Which article of the Firearms Protocol is referenced in the text?,,,,,,"C. Accompanying technical assistance support
On different occasions, Member States have expressed to UNODC their interest in contributing to the global understanding of firearms trafficking and its extent, flows, and patterns. Nevertheless, often States are faced with various constraints and obstacles, which dramatically reduce their possibility of possessing and generating reliable and timely information on firearms trafficking.
One of the objectives of the study is to bring about long-term benefits for participating States, by contributing to strengthening their monitoring and analysis capacity. This will also enable them to produce, analyse and exchange relevant data and information on firearms trafficking and related crimes, in line with article 12 of the Firearms Protocol. To this end, UNODC is also supporting the establishment of a monitoring mechanism in the form of focal points or inter-institutional units, to establish a national capacity to collect and analyse data in a systematic fashion.","جيم- الدعم المقدَّم في شكل مساعدة تقنية
66- أعربت الدول الأعضاء للمكتب في مناسبات مختلفة عن اهتمامها بالمساهمة في التفهم العالمي لمسألة الاتجار بالأسلحة النارية ومداه وتدفقاته وأنماطه. ومع ذلك، كثيراً ما تواجه الدول قيودا وعقبات شتى، مما يحد بشكل هائل من قدراتها على حيازة وتوليد معلومات موثوق بها ومتوفرة في الوقت المناسب بشأن الاتجار بالأسلحة النارية.
67- وأحد أهداف هذه الدراسة هو تحقيق فوائد على المدى الطويل للدول المشاركة من خلال المساهمة في تعزيز قدرات الرصد والتحليل لديها. وهذا يمكّنها أيضاً من توليد وتحليل وتبادل البيانات والمعلومات ذات الصلة بشأن الاتجار بالأسلحة النارية والجرائم المرتبطة بها، وذلك تماشياً مع أحكام المادة 12 من بروتوكول الأسلحة النارية. وتحقيقاً لهذه الغاية، يعمل المكتب أيضاً على دعم إنشاء آلية للرصد في شكل جهات وصل أو وحدات مشتركة بين المؤسسات، من أجل تكوين قدرة وطنية لجمع وتحليل البيانات بطريقة منتظمة.",,,,,,
filtered,attempt-single-25,single,context_reference,,ar->en,,ما هو اسم المكتب الذي يدعم حكومة سيراليون في جهود مكافحة الفساد وفقًا للوثيقة؟,,,,,"8. Emphasizes that the Government of Sierra Leone bears the primary responsibility for peacebuilding, security and long-term development in the country, and encourages the Government of Sierra Leone to continue its implementation of the Agenda for Change, and international partners to continue to provide support to the Government;
9. Calls upon the Government of Sierra Leone, with the support of UNIPSIL, development partners and all other stakeholders in the country to increase their efforts to combat corruption, improve accountability, and promote the development of the private sector in order to generate wealth and employment opportunities; to continue good governance reform by supporting the AntiCorruption Commission and the Ministry of Mines and Mineral Resources to increase the transparency and management of Sierra Leone's natural and mineral resources for the benefit of all Sierra Leoneans and mitigating the risk of resource-based conflict; to intensify efforts against illicit drug trafficking through strengthening the Transnational Organized Crime Unit; and to promote human rights, including through implementation of the recommendations of the Truth and Reconciliation Commission and Sierra Leone's Universal Periodic Review;","8 - يشدد على أن حكومة سيراليون تتحمل المسؤولية الرئيسية عن بناء السلام في البلد وتحقيق أمنه وتنميته في المدى البعيد، ويشجع حكومة سيراليون على مواصلة تنفيذ برنامج التغيير، كما يشجع الشركاء الدوليين على مواصلة تزويد الحكومة بالدعم؛
9 - يدعو حكومة سيراليون إلى أن تعمل، بدعم من مكتب الأمم المتحدة المتكامل لبناء السلام في سيراليون والشركاء الإنمائيين وسائر الجهات المعنية في البلد، على تعزيز جهودها الرامية إلى مكافحة الفساد، وتحسين المساءلة، وتعزيز تنمية القطاع الخاص من أجل توليد الثروة وإيجاد فرص العمالة؛ ومواصلة الإصلاحات الرامية إلى تحقيق الحوكمة الرشيدة بمساندة لجنة مناهضة الفساد ووزارة المناجم والموارد المعدنية بغية زيادة الشفافية في إدارة موارد سيراليون الطبيعية والمعدنية بما يعود بالمنفعة على سكان سيراليون كافة، والتقليل من خطر التنازع على الموارد؛ وتكثيف جهود مكافحة الاتجار غير المشروع بالمخدرات بتدعيم وحدة مكافحة الجريمة المنظمة عبر الحدود الوطنية؛ وتعزيز حقوق الإنسان بسبل منها تنفيذ توصيات لجنة الحقيقة والمصالحة والاستعراض الدوري الشامل لسيراليون؛",,,,,,
filtered,attempt-single-35,single,context_reference,,ar->en,,من هو الموقع على الوثيقة المذكورة؟,,,,,"I should like to request that this document be circulated as a document of the third session of the Preparatory Committee.
(Signed) Aaron Jacob
Ambassador
Chargé d'affaires a.i.
Amendments presented by Israel to the Chairman's draft (A/CONF.192/L.4/Rev.1)
Preamble
Paragraph 6
End this paragraph in line 2, after the words ""Charter of the United Nations"". The rest of the paragraph, as well as paragraphs 7 and 8, should be deleted.
Paragraph 9
(a) After the word ""import"", insert the words ""transfer, export"".
(b) Replace the words ""at levels consistent with its legitimate"" with the word ""for"".
(c) The paragraph would thus read as follows: ""Reaffirming also the right of each State to import, export, and produce and retain small arms and light weapons for self-defence and security needs.""","وأود أن أطلب تعميم هذه الوثيقة بوصفها إحدى وثائق الدورة الثالثة للجنة التحضيرية.
(توقيع) آرون جاكوب
السفير
القائم بالأعمال المؤقت
A/CONF.192/L.4/Rev.1)
الديباجة
الفقرة 6
تُنهى هذه الفقرة في السطر الثاني بعد عبارة ""ميثاق الأمم المتحدة"". وينبغي حذف ما تبقى من الفقرة بالإضافة إلى الفقرتين 7 و 8.
الفقرة 9
(أ) بعد كلمة ""استيراد""، تُدخل عبارة ""ونقل وتصدير"".
(ب) يُستعاض عن عبارة ""بكميات تتمشى مع"" بعبارة ""من أجل تلبية"".
(ج) ينبغي أن تكون هذه الفقرة على النحو التالي: ""وإذ تؤكد من جديد أيضا حق كل دولة في استيراد الأسلحة الصغيرة والأسلحة الخفيفة وتصديرها وإنتاجها والاحتفاظ بها من أجل تلبية احتياجاتها في مجال الدفاع عن النفس والأمن"".",,,,,,
filtered,attempt-single-47,single,context_reference,,ar->en,,ما اسم السفير الراحل المذكور في النص؟,,,,,"The African Group expresses shock and dismay following the assassination of the former Lebanese Prime Minister, Mr. Rafik Hariri. We condemn the perpetrators of that heinous act. The assassination of that great man puts at risk the peace and stability that Lebanon has enjoyed for the past 15 years. We pay tribute to Mr. Hariri for his dedication, for his commitment and for his leadership role in that country's reconstruction in the 1990s.
Finally, I would like personally to pay tribute to a great friend and a dear colleague, the late Ambassador Sami Kronfol. Not only was he a great ambassador and a man of charisma and character, but he touched the lives of many in one way or another.
In tribute to the three men who have left us, we commit and rededicate ourselves to follow the good they have done. With respect to what has not been done, we look forward to all of us walking hand in hand to achieve their dreams.","وتعرب المجموعة الأفريقية عن صدمتها وحزنها لاغتيال السيد رفيق الحريري، رئيس الوزراء اللبناني السابق. وإننا ندين مرتكبي هذا العمل المشين. فاغتيال هذا الرجل العظيم يعرض السلام والاستقرار اللذين ما برح لبنان ينعم بهما طوال الخمسة عشر عاما الماضية للخطر. ونحيي في السيد الحريري تفانيه والتزامه ودوره القيادي في إعادة إعمار ذلك البلد خلال التسعينات من القرن الماضي.
أخيرا، أود شخصيا أن أُحيي صديقا عظيما وزميلا عزيزا، هو السفير الراحل سامي قرنفل. فهو لم يكن سفيرا عظيما ورجلا يتمتع بشخصية جديرة بالإعجاب فحسب، بل ترك أثرا على حياة الكثيرين بشكل أو بآخر.
وإحياء لذكرى الرجال الثلاثة الذين فقدناهم، نلتزم بأن نحذو حذوهم فيما فعلوه من خير، ونكرس أنفسنا لذلك. أما ما لم يتحقق من أحلامهم حتى الآن، فنتطلع إلى أن تتضافر جهودنا جميعا من أجل تحقيقه.",,,,,,
filtered,attempt-single-85,single,context_reference,,ar->en,,ما اسم الأمينة العامة المساعدة لدعم بناء السلام المذكورة في النص؟,,,,,"9. Some remaining shortcomings should be addressed during the Commission's next session. Every effort should be made to develop rules of procedure and working methods for the Commission. The Chairperson should occasionally include the Commission's wider membership in interactions with the Presidents of the General Assembly, the Security Council and the Economic and Social Council. The highly valuable findings of the Working Group on Lessons Learned must be incorporated into the overall strategy and policy of the Commission.
10. Finally, the Non-Aligned Movement continued to lament the lack of focus on the development dimension of peacebuilding. Greater emphasis must be placed on education and training, agricultural and infrastructure development, and private sector reform and development with an emphasis on job creation.
11. Ms. Cheng-Hopkins (Assistant Secretary-General for Peacebuilding Support) said she was aware that her appointment had come at a very important juncture for the new peacebuilding architecture. Peace was the ultimate public good, and while peacebuilding was one of the key areas for the future relevance of the United Nations, it had not yet been dealt with as comprehensively as could be the case. However, given the establishment of the new architecture, and the Commission's commitment and enthusiasm, the outlook for effective peacebuilding in future was very positive.","9 - وأردف يقول إن هناك بعضا من نواحي القصور لا تزال قائمة، وينبغي تناولها في دورة اللجنة القائمة. ويجب بذل كل جهد ممكن لوضع نظام داخلي للجنة وتحديد طرق عملها. كما ينبغي لرئيس اللجنة أن يشرك في بعض الأحيان أعضاء اللجنة بنطاقهم الأوسع في ألوان التفاعل مع رؤساء الجمعية العامة ومجلس الأمن والمجلس الاقتصادي والاجتماعي. وينبغي دمج استنتاجات الفريق العامل المعني بالدروس المستفادة، وهي استنتاجات قيمة للغاية، في الاستراتيجية الشاملة للجنة وسياستها أيضا.
10 - وأنهى كلامه بالقول إن حركة عدم الانحياز لا تزال تشعر بالأسف لعدم التركيز على البعد الإنمائي لبناء السلام. ويجب التركيز بقدر أكبر على التعليم والتدريب وتنمية الزراعة والهياكل الأساسية وإصلاح القطاع الخاص وعلى التنمية مع التشديد على تهيئة فرص العمل.
11 - السيدة شنغ - هوبكنز (الأمينة العامة المساعدة لدعم بناء السلام): قالت إنها تدرك أن تعيينها قد جاء في مرحلة بالغة الأهمية فيما يتصل بالهيكل الجديد لبناء السلام. وأعلنت أن السلام هو أسمى المنافع العامة، وأنه على الرغم من أن بناء السلام هو أحد المجالات الرئيسية التي ستتجلى فيها أهمية الأمم المتحدة مستقبلا، فإن التعامل معه لم يصل بعد إلى درجة الشمول الممكنة. ولاحظت أنه رغم ذلك، وبالنظر إلى إنشاء الهيكل الجديد وفي ضوء ما تتميز به اللجنة من اهتمام وحماس، فإن احتمالات بناء السلام على نحو فعال في المستقبل إيجابية جدا.",,,,,,
filtered,attempt-single-105,single,context_reference,,ar->en,,ما هو اسم التقرير العالمي الذي يُعد أحد المنتجين الرئيسيين في مجال الاستثمار وفقًا للوثيقة؟,,,,,"The Commission expresses its appreciation for the secretariat's efforts to implement the Accra Accord and to further strengthen synergies within the secretariat and among its three pillars of work.
49. Following the practice established for the first session of the Investment, Enterprise and Development Commission, the secretariat prepared a document (annexed) entitled ""Overview of the outputs delivered since the first session of the Commission"", which details, by relevant mandates, the various outputs in the area of investment and enterprise.
50. During the reporting period, and as exemplified in the above development, the division continued to further strengthen the synergies amongst the three pillars of UNCTAD's work. In this regard, a main development was the reformulation of the operational strategies and new methods in the area of investment and enterprise development. This new strategy emphasizes three overall approaches:
(a) The core product oriented approach, which will see the division concentrate on its two flagships (World Investment Report and World Investment Forum) and seven core products/services (Investment Information Systems, Investment Trends and Policy Monitors, Investment Policy Reviews, International Investment Agreements, Investment Facilitation Compact, International Standards of Accounting and Reporting, and Empretec);","The Commission expresses its appreciation for the secretariat's efforts to implement the Accra Accord and to further strengthen synergies within the secretariat and among its three pillars of work.
49. Following the practice established for the first session of the Investment, Enterprise and Development Commission, the secretariat prepared a document (annexed) entitled ""Overview of the outputs delivered since the first session of the Commission"", which details, by relevant mandates, the various outputs in the area of investment and enterprise.
50. During the reporting period, and as exemplified in the above development, the division continued to further strengthen the synergies amongst the three pillars of UNCTAD's work. In this regard, a main development was the reformulation of the operational strategies and new methods in the area of investment and enterprise development. This new strategy emphasizes three overall approaches:
(a) The core product oriented approach, which will see the division concentrate on its two flagships (World Investment Report and World Investment Forum) and seven core products/services (Investment Information Systems, Investment Trends and Policy Monitors, Investment Policy Reviews, International Investment Agreements, Investment Facilitation Compact, International Standards of Accounting and Reporting, and Empretec);",,,,,,
